,int_pos,pair_id,status,cond,subject,app_int,app_n,app_p,fsp_int,fsp_n,fsp_p,sb_int,sb_n,sb_p,mwr_p,l_int,l_n
0,AD,1,S,control,f,1.0,-1.0,-3.0,-4.0,-5.0,-1.0,0.0,0.0,0.0,0.0,19.575,102.709
1,AD,3,F,control,f,-8.0,3.0,1.0,2.0,2.0,1.0,-5.0,0.0,0.0,0.0,1.556,-68.763
2,A,5,F,treatment,f,1.0,0.0,0.0,-6.0,0.0,0.0,0.0,0.0,0.0,1.0,76.186,-28.780999999999977
3,A,7,F,treatment,f,-18.0,0.0,4.0,0.0,-6.0,-1.0,0.0,0.0,0.0,0.0,-2.44,79.369
4,AD,9,S,control,f,-18.0,-1.0,-4.0,-1.0,-4.0,0.0,0.0,0.0,0.0,0.0,26.718999999999998,84.767
5,AD,11,F,control,f,-4.0,0.0,5.0,-4.0,-1.0,-1.0,0.0,0.0,-1.0,0.0,29.575,45.863
6,AD,13,S,control,f,13.0,0.0,0.0,0.0,0.0,0.0,1.0,0.0,0.0,0.0,-3.1320000000000014,7.724000000000004
7,AD,15,F,control,f,17.0,0.0,3.0,0.0,0.0,-1.0,0.0,0.0,0.0,1.0,-9.227999999999998,-3.815999999999974
8,A,17,F,treatment,f,36.0,0.0,1.0,-2.0,0.0,0.0,0.0,0.0,0.0,0.0,-63.188,-63.18799999999999
9,A,19,F,treatment,f,-46.0,-1.0,0.0,2.0,-1.0,0.0,0.0,0.0,0.0,0.0,81.248,131.643
10,A,21,S,treatment,f,17.0,0.0,1.0,0.0,1.0,0.0,0.0,-1.0,0.0,0.0,7.843999999999998,5.546999999999997
11,A,23,S,treatment,f,10.0,0.0,-8.0,-2.0,0.0,0.0,0.0,0.0,0.0,0.0,-0.3660000000000001,-0.36599999999998545
12,AD,25,S,control,f,-1.0,-17.0,6.0,0.0,0.0,0.0,0.0,-1.0,0.0,0.0,62.82599999999999,113.75299999999999
13,AD,27,F,control,f,2.0,-2.0,8.0,-2.0,-1.0,0.0,0.0,0.0,0.0,0.0,-0.712,48.65100000000001
14,AD,29,F,control,f,-6.0,0.0,0.0,-3.0,2.0,0.0,0.0,0.0,0.0,0.0,14.890999999999998,-42.31500000000001
15,A,31,S,treatment,f,-31.0,0.0,0.0,-1.0,0.0,0.0,0.0,0.0,0.0,0.0,165.082,45.08200000000001
16,A,33,S,treatment,f,11.0,-1.0,0.0,-3.0,0.0,0.0,1.0,0.0,0.0,0.0,-6.5249999999999995,75.833
17,A,35,S,treatment,f,31.0,0.0,0.0,0.0,0.0,0.0,0.0,0.0,0.0,0.0,-101.89099999999999,16.936000000000007
18,A,37,S,treatment,f,-44.0,0.0,0.0,0.0,0.0,0.0,0.0,0.0,0.0,0.0,176.981,56.980999999999995
19,AD,39,S,control,f,3.0,0.0,0.0,-4.0,-3.0,0.0,0.0,0.0,0.0,0.0,-0.9459999999999997,104.33300000000001
20,AD,41,F,control,f,-12.0,-3.0,0.0,2.0,-1.0,0.0,0.0,0.0,-1.0,0.0,43.903,89.142
21,AD,43,S,control,f,-17.0,0.0,1.0,-1.0,0.0,0.0,2.0,0.0,0.0,0.0,14.712,16.73999999999998
22,AD,45,F,control,f,-11.0,0.0,1.0,-2.0,0.0,-2.0,0.0,0.0,0.0,0.0,24.145999999999997,7.699999999999989
23,A,47,S,treatment,f,-9.0,1.0,0.0,-1.0,1.0,1.0,-4.0,0.0,0.0,0.0,-2.7880000000000003,-56.78499999999998
24,A,49,S,treatment,f,-20.0,0.0,-2.0,1.0,0.0,0.0,4.0,0.0,0.0,0.0,6.009,6.719999999999999
25,A,51,S,treatment,f,-1.0,-8.0,0.0,0.0,-4.0,0.0,0.0,0.0,0.0,0.0,0.034000000000000696,94.423
26,A,53,S,treatment,f,13.0,0.0,-3.0,1.0,-5.0,0.0,0.0,0.0,1.0,0.0,-13.885,67.972
27,AD,55,S,control,f,20.0,-1.0,1.0,2.0,-2.0,0.0,0.0,0.0,0.0,0.0,0.20199999999999996,12.194000000000003
28,AD,57,F,control,f,23.0,0.0,1.0,1.0,0.0,1.0,0.0,0.0,0.0,0.0,8.915,8.915000000000006
29,AD,59,S,control,f,-15.0,0.0,3.0,2.0,0.0,0.0,1.0,0.0,0.0,0.0,0.7729999999999997,4.246999999999986
30,AD,61,F,control,f,1.0,4.0,4.0,3.0,0.0,0.0,0.0,0.0,0.0,0.0,0.016999999999999904,-68.072
31,A,63,S,treatment,f,0.0,1.0,0.0,-4.0,1.0,0.0,0.0,0.0,0.0,0.0,1.6339999999999995,-25.872000000000014
32,A,65,S,treatment,f,20.0,-11.0,-1.0,2.0,-2.0,-1.0,0.0,0.0,0.0,0.0,0.701,103.53900000000002
33,AD,67,S,control,f,-8.0,-2.0,-1.0,1.0,-5.0,0.0,1.0,0.0,0.0,0.0,-9.764999999999999,117.708
34,AD,69,F,control,f,4.0,0.0,-2.0,0.0,-1.0,-1.0,0.0,0.0,0.0,0.0,8.158999999999999,20.329000000000008
35,A,71,F,treatment,f,15.0,-12.0,0.0,1.0,-4.0,0.0,0.0,0.0,0.0,0.0,-39.33200000000001,109.74300000000001
36,A,73,F,treatment,f,5.0,0.0,8.0,4.0,-2.0,1.0,0.0,0.0,0.0,0.0,-110.913,98.257
37,A,75,S,treatment,f,2.0,-2.0,-3.0,3.0,1.0,1.0,0.0,0.0,0.0,0.0,5.923000000000001,27.397999999999993
38,A,77,S,treatment,f,5.0,0.0,-3.0,0.0,-6.0,0.0,0.0,0.0,0.0,0.0,-30.528,64.569
39,AD,79,S,control,f,4.0,-9.0,0.0,2.0,-6.0,0.0,0.0,0.0,0.0,0.0,-29.304000000000002,121.068
40,AD,1,S,control,m,-4.0,0.0,-1.0,-1.0,-7.0,0.0,4.0,0.0,0.0,0.0,5.247,109.163
41,AD,3,F,control,m,-13.0,3.0,1.0,3.0,1.0,0.0,-1.0,0.0,0.0,0.0,4.7490000000000006,-91.74600000000001
42,A,5,F,treatment,m,0.0,0.0,-5.0,0.0,-1.0,0.0,0.0,0.0,0.0,0.0,-28.781,-28.780999999999977
43,A,7,F,treatment,m,-36.0,0.0,0.0,-2.0,-1.0,1.0,0.0,0.0,0.0,0.0,44.702,72.233
44,AD,9,S,control,m,-11.0,0.0,0.0,0.0,0.0,0.0,0.0,0.0,0.0,0.0,11.861,38.96700000000001
45,AD,11,F,control,m,-5.0,0.0,-2.0,0.0,0.0,0.0,0.0,0.0,0.0,0.0,4.87,5.4909999999999854
46,AD,13,S,control,m,6.0,0.0,0.0,-4.0,-1.0,0.0,1.0,0.0,0.0,0.0,25.271,9.370999999999995
47,AD,15,F,control,m,24.0,0.0,-2.0,2.0,-3.0,-3.0,0.0,0.0,0.0,0.0,-3.815999999999999,111.24300000000001
48,A,17,F,treatment,m,30.0,0.0,0.0,-1.0,-3.0,0.0,0.0,0.0,0.0,0.0,-150.225,7.831000000000003
49,A,19,F,treatment,m,-25.0,-8.0,-2.0,-2.0,-4.0,0.0,0.0,0.0,0.0,0.0,200.728,186.273
50,A,21,S,treatment,m,17.0,0.0,-1.0,2.0,1.0,0.0,0.0,0.0,0.0,0.0,-1.766,-44.70899999999999
51,A,23,S,treatment,m,36.0,0.0,0.0,-1.0,-1.0,0.0,0.0,0.0,0.0,0.0,-7.859000000000001,37.614999999999995
52,AD,25,S,control,m,2.0,-9.0,1.0,1.0,-1.0,1.0,0.0,0.0,0.0,0.0,-112.763,113.75299999999999
53,AD,27,F,control,m,-15.0,1.0,0.0,0.0,0.0,0.0,0.0,0.0,0.0,0.0,-5.710000000000001,-39.024000000000015
54,AD,29,F,control,m,4.0,0.0,1.0,-4.0,0.0,0.0,-1.0,0.0,0.0,0.0,4.533,4.532999999999987
55,A,31,S,treatment,m,23.0,0.0,0.0,0.0,0.0,0.0,0.0,0.0,0.0,0.0,-74.918,45.08200000000001
56,A,33,S,treatment,m,8.0,1.0,1.0,1.0,1.0,0.0,0.0,0.0,0.0,-1.0,-1.8259999999999998,-81.198
57,A,35,S,treatment,m,-30.0,0.0,0.0,2.0,0.0,0.0,0.0,0.0,0.0,0.0,16.936,16.936000000000007
58,A,37,S,treatment,m,-18.0,0.0,6.0,0.0,0.0,0.0,0.0,0.0,0.0,0.0,50.617000000000004,56.980999999999995
59,AD,39,S,control,m,30.0,0.0,0.0,0.0,-1.0,0.0,1.0,0.0,0.0,0.0,-0.8149999999999997,24.673000000000016
60,AD,41,F,control,m,27.0,-2.0,0.0,-1.0,-10.0,0.0,0.0,-1.0,0.0,0.0,11.588000000000001,120.882
61,AD,43,S,control,m,-48.0,0.0,0.0,1.0,0.0,0.0,0.0,0.0,0.0,0.0,34.354,16.73999999999998
62,AD,45,F,control,m,6.0,0.0,-2.0,-1.0,1.0,-1.0,2.0,0.0,0.0,0.0,7.7,-80.679
63,A,47,S,treatment,m,0.0,0.0,7.0,0.0,0.0,0.0,0.0,0.0,0.0,0.0,-3.4210000000000003,-3.420999999999978
64,A,49,S,treatment,m,-16.0,0.0,-2.0,-3.0,-2.0,-2.0,0.0,0.0,0.0,0.0,7.7829999999999995,83.708
65,A,51,S,treatment,m,-3.0,-11.0,0.0,0.0,-1.0,0.0,0.0,0.0,0.0,0.0,5.001,113.26599999999999
66,A,53,S,treatment,m,8.0,0.0,2.0,3.0,-3.0,0.0,3.0,0.0,0.0,0.0,-14.491,64.074
67,AD,55,S,control,m,40.0,-3.0,2.0,0.0,-7.0,1.0,0.0,-1.0,0.0,0.0,-2.141000000000001,43.051
68,AD,57,F,control,m,0.0,0.0,2.0,4.0,0.0,1.0,0.0,0.0,0.0,0.0,-43.985,8.915000000000006
69,AD,59,S,control,m,-9.0,-1.0,2.0,-2.0,-3.0,0.0,0.0,0.0,0.0,0.0,20.766,92.31799999999998
70,AD,61,F,control,m,-20.0,-1.0,-3.0,-3.0,1.0,0.0,0.0,0.0,0.0,0.0,5.776999999999999,-17.01700000000001
71,A,63,S,treatment,m,21.0,-2.0,0.0,-2.0,0.0,0.0,0.0,0.0,0.0,0.0,5.884,57.988
72,A,65,S,treatment,m,-3.0,-9.0,1.0,4.0,-2.0,1.0,0.0,-2.0,0.0,-1.0,-67.965,61.573
73,AD,67,S,control,m,-1.0,2.0,0.0,-1.0,-1.0,0.0,0.0,0.0,0.0,0.0,16.987,-38.14
74,AD,69,F,control,m,4.0,-1.0,-1.0,-1.0,-1.0,0.0,0.0,0.0,0.0,0.0,4.855,110.736
75,A,71,F,treatment,m,28.0,10.0,0.0,0.0,2.0,0.0,0.0,0.0,0.0,0.0,108.08999999999999,38.967
76,A,73,F,treatment,m,4.0,0.0,-2.0,-2.0,-1.0,0.0,-1.0,0.0,0.0,0.0,3.673,100.383
77,A,75,S,treatment,m,-2.0,-1.0,0.0,1.0,-1.0,0.0,0.0,0.0,0.0,0.0,34.276,30.328
78,A,77,S,treatment,m,-26.0,0.0,0.0,1.0,-1.0,0.0,-1.0,0.0,0.0,0.0,3.346,65.30300000000001
79,AD,79,S,control,m,9.0,-5.0,0.0,0.0,-5.0,0.0,0.0,0.0,0.0,0.0,8.626000000000001,116.55999999999999
80,AD,2,F,control,nf,-7.0,0.0,0.0,5.0,0.0,0.0,0.0,0.0,0.0,0.0,-8.921,4.659999999999997
81,AD,4,S,control,nf,1.0,0.0,3.0,0.0,0.0,0.0,0.0,0.0,0.0,0.0,-51.366,1.5559999999999832
82,A,6,S,treatment,nf,0.0,0.0,0.0,0.0,0.0,0.0,0.0,0.0,0.0,0.0,4.614000000000004,4.6140000000000185
83,A,8,S,treatment,nf,0.0,0.0,-3.0,0.0,0.0,-2.0,0.0,0.0,0.0,0.0,-32.55199999999999,-32.55199999999999
84,AD,10,F,control,nf,0.0,0.0,0.0,0.0,0.0,0.0,0.0,0.0,0.0,0.0,25.245999999999995,25.245999999999995
85,AD,12,S,control,nf,0.0,0.0,0.0,0.0,0.0,0.0,0.0,0.0,0.0,0.0,5.491,5.4909999999999854
86,AD,14,F,control,nf,0.0,0.0,0.0,0.0,0.0,0.0,0.0,0.0,0.0,0.0,7.724000000000004,7.724000000000004
87,AD,16,S,control,nf,0.0,0.0,3.0,1.0,-2.0,0.0,0.0,0.0,0.0,0.0,-58.622000000000014,84.202
88,A,18,S,treatment,nf,0.0,-2.0,1.0,0.0,-1.0,0.0,0.0,0.0,0.0,0.0,-0.3289999999999935,91.107
89,A,20,S,treatment,nf,0.0,0.0,0.0,0.0,-2.0,-1.0,0.0,0.0,0.0,0.0,18.38900000000001,79.881
90,A,22,F,treatment,nf,0.0,0.0,0.0,0.0,0.0,0.0,0.0,0.0,0.0,0.0,1.4839999999999947,1.484000000000023
91,A,24,F,treatment,nf,0.0,0.0,0.0,0.0,-1.0,0.0,0.0,0.0,0.0,0.0,-3.6159999999999997,34.063
92,AD,26,F,control,nf,0.0,-17.0,0.0,0.0,0.0,0.0,0.0,0.0,0.0,0.0,7.236999999999995,112.71199999999999
93,AD,28,S,control,nf,0.0,-2.0,0.0,0.0,0.0,0.0,0.0,0.0,0.0,0.0,-0.7120000000000033,48.30300000000001
94,AD,30,S,control,nf,0.0,0.0,0.0,0.0,2.0,0.0,0.0,0.0,0.0,0.0,4.533000000000001,-34.67
95,A,32,F,treatment,nf,0.0,-12.0,0.0,0.0,0.0,0.0,0.0,-1.0,0.0,0.0,45.155,139.24599999999998
96,A,34,F,treatment,nf,0.0,-4.0,0.0,1.0,-1.0,0.0,0.0,0.0,0.0,0.0,-91.489,58.536
97,A,36,F,treatment,nf,0.0,0.0,0.0,0.0,0.0,0.0,0.0,0.0,0.0,0.0,16.936000000000007,16.936000000000007
98,A,38,F,treatment,nf,0.0,0.0,0.0,0.0,0.0,0.0,0.0,0.0,0.0,0.0,56.980999999999995,56.980999999999995
99,AD,40,F,control,nf,1.0,0.0,0.0,1.0,0.0,0.0,0.0,0.0,0.0,0.0,-100.75900000000001,-0.8149999999999977
100,AD,42,S,control,nf,0.0,0.0,0.0,0.0,0.0,0.0,0.0,0.0,0.0,0.0,11.588000000000008,11.588000000000008
101,AD,44,F,control,nf,0.0,0.0,-1.0,0.0,0.0,0.0,0.0,0.0,0.0,0.0,16.739999999999995,16.73999999999998
102,AD,46,S,control,nf,0.0,0.0,-1.0,0.0,0.0,0.0,0.0,0.0,0.0,0.0,7.699999999999989,7.699999999999989
103,A,48,F,treatment,nf,-2.0,0.0,0.0,0.0,0.0,0.0,0.0,0.0,0.0,0.0,64.63,-0.6749999999999972
104,A,50,F,treatment,nf,0.0,0.0,0.0,0.0,0.0,0.0,0.0,0.0,0.0,0.0,3.9740000000000038,3.974000000000018
105,A,52,F,treatment,nf,0.0,0.0,0.0,0.0,0.0,0.0,0.0,0.0,0.0,0.0,-7.14200000000001,-7.14200000000001
106,A,54,F,treatment,nf,0.0,0.0,0.0,0.0,-2.0,0.0,0.0,0.0,0.0,0.0,-2.424999999999997,81.941
107,AD,56,F,control,nf,0.0,-4.0,0.0,0.0,1.0,0.0,0.0,0.0,0.0,0.0,0.20199999999999818,16.90299999999999
108,AD,58,S,control,nf,0.0,0.0,0.0,0.0,0.0,0.0,0.0,0.0,0.0,0.0,8.915000000000006,8.915000000000006
109,AD,60,F,control,nf,0.0,0.0,2.0,0.0,0.0,0.0,0.0,0.0,0.0,0.0,4.247,4.246999999999986
110,AD,62,S,control,nf,0.0,-1.0,0.0,1.0,0.0,0.0,0.0,0.0,0.0,0.0,-88.638,-24.973000000000013
111,A,64,F,treatment,nf,0.0,-8.0,1.0,0.0,0.0,0.0,0.0,0.0,0.0,0.0,8.09899999999999,114.15899999999999
112,A,66,F,treatment,nf,0.0,-1.0,0.0,0.0,-1.0,0.0,0.0,0.0,0.0,0.0,-1.51400000000001,101.95
113,AD,68,F,control,nf,0.0,0.0,9.0,0.0,-1.0,1.0,0.0,0.0,0.0,0.0,1.149000000000001,114.243
114,AD,70,S,control,nf,0.0,0.0,0.0,0.0,-2.0,0.0,0.0,0.0,0.0,0.0,8.158999999999992,109.089
115,A,72,S,treatment,nf,0.0,-1.0,-1.0,0.0,-1.0,0.0,0.0,0.0,0.0,0.0,15.620000000000005,94.12
116,A,74,S,treatment,nf,0.0,-11.0,1.0,0.0,-1.0,1.0,0.0,0.0,0.0,0.0,2.2809999999999917,101.715
117,A,76,F,treatment,nf,0.0,0.0,0.0,0.0,0.0,0.0,0.0,0.0,0.0,0.0,5.707999999999984,5.707999999999984
118,A,78,F,treatment,nf,0.0,0.0,0.0,0.0,-3.0,0.0,0.0,0.0,0.0,0.0,7.456999999999994,107.25800000000001
119,AD,80,F,control,nf,0.0,-2.0,0.0,4.0,-3.0,0.0,0.0,0.0,0.0,0.0,-102.314,101.48899999999999
120,AD,2,F,control,nm,-7.0,0.0,0.0,4.0,0.0,0.0,0.0,0.0,0.0,0.0,-14.313999999999998,4.659999999999997
121,AD,4,S,control,nm,1.0,0.0,1.0,0.0,1.0,0.0,0.0,0.0,0.0,0.0,-45.973,-58.738000000000014
122,A,6,S,treatment,nm,0.0,0.0,0.0,0.0,-1.0,0.0,0.0,0.0,0.0,0.0,4.614000000000004,18.09700000000001
123,A,8,S,treatment,nm,0.0,0.0,0.0,0.0,0.0,0.0,0.0,0.0,0.0,0.0,-32.55199999999999,-32.55199999999999
124,AD,10,F,control,nm,0.0,1.0,0.0,0.0,-6.0,0.0,0.0,0.0,0.0,0.0,25.245999999999995,69.434
125,AD,12,S,control,nm,0.0,0.0,0.0,0.0,0.0,0.0,0.0,0.0,0.0,0.0,5.491,5.4909999999999854
126,AD,14,F,control,nm,0.0,0.0,0.0,0.0,-1.0,0.0,0.0,0.0,0.0,0.0,7.724000000000004,11.373000000000005
127,AD,16,S,control,nm,0.0,0.0,0.0,0.0,-1.0,0.0,0.0,0.0,0.0,0.0,-3.8160000000000025,74.712
128,A,18,S,treatment,nm,0.0,-11.0,0.0,0.0,-1.0,0.0,0.0,0.0,0.0,0.0,-0.3289999999999935,104.1
129,A,20,S,treatment,nm,4.0,0.0,0.0,2.0,-1.0,-1.0,0.0,0.0,0.0,0.0,-95.48599999999999,68.707
130,A,22,F,treatment,nm,-1.0,1.0,0.0,0.0,0.0,0.0,0.0,0.0,0.0,0.0,77.20599999999999,-8.715000000000003
131,A,24,F,treatment,nm,0.0,0.0,0.0,0.0,0.0,0.0,0.0,0.0,0.0,0.0,-3.6159999999999997,-3.6159999999999854
132,AD,26,F,control,nm,0.0,-25.0,0.0,0.0,0.0,0.0,0.0,0.0,0.0,0.0,7.236999999999995,113.46799999999999
133,AD,28,S,control,nm,-1.0,1.0,0.0,-1.0,0.0,0.0,0.0,0.0,0.0,0.0,100.21300000000001,-77.107
134,AD,30,S,control,nm,0.0,0.0,0.0,0.0,0.0,0.0,0.0,0.0,0.0,0.0,4.533000000000001,4.532999999999987
135,A,32,F,treatment,nm,0.0,-3.0,0.0,0.0,-2.0,0.0,0.0,0.0,0.0,0.0,45.155,139.24599999999998
136,A,34,F,treatment,nm,0.0,0.0,0.0,1.0,0.0,0.0,0.0,0.0,0.0,0.0,-93.009,-1.8989999999999867
137,A,36,F,treatment,nm,0.0,0.0,0.0,0.0,0.0,0.0,0.0,0.0,0.0,0.0,16.936000000000007,16.936000000000007
138,A,38,F,treatment,nm,0.0,0.0,0.0,0.0,0.0,0.0,0.0,0.0,0.0,0.0,56.980999999999995,56.980999999999995
139,AD,40,F,control,nm,1.0,0.0,0.0,0.0,0.0,0.0,0.0,0.0,0.0,0.0,-78.174,-0.8149999999999977
140,AD,42,S,control,nm,-1.0,0.0,0.0,0.0,-6.0,0.0,0.0,0.0,0.0,0.0,79.625,116.269
141,AD,44,F,control,nm,-1.0,0.0,0.0,0.0,0.0,0.0,0.0,0.0,0.0,0.0,104.97899999999998,16.73999999999998
142,AD,46,S,control,nm,0.0,0.0,-1.0,0.0,0.0,-1.0,0.0,0.0,0.0,0.0,7.699999999999989,7.699999999999989
143,A,48,F,treatment,nm,0.0,0.0,0.0,0.0,0.0,-1.0,0.0,0.0,0.0,0.0,-0.6750000000000114,-0.6749999999999972
144,A,50,F,treatment,nm,-1.0,0.0,0.0,-4.0,0.0,0.0,0.0,0.0,0.0,0.0,98.842,3.974000000000018
145,A,52,F,treatment,nm,-1.0,0.0,0.0,-1.0,0.0,0.0,0.0,0.0,0.0,0.0,73.94899999999998,-7.14200000000001
146,A,54,F,treatment,nm,0.0,-4.0,0.0,-1.0,-4.0,0.0,0.0,0.0,0.0,0.0,12.010999999999996,95.759
147,AD,56,F,control,nm,0.0,-16.0,0.0,0.0,-1.0,0.0,0.0,0.0,0.0,0.0,0.20199999999999818,40.584999999999994
148,AD,58,S,control,nm,0.0,0.0,0.0,0.0,0.0,0.0,0.0,0.0,0.0,0.0,8.915000000000006,8.915000000000006
149,AD,60,F,control,nm,0.0,0.0,1.0,0.0,0.0,0.0,0.0,0.0,0.0,0.0,4.247,4.246999999999986
150,AD,62,S,control,nm,1.0,-1.0,0.0,0.0,0.0,0.0,0.0,0.0,0.0,0.0,-52.044,5.5319999999999965
151,A,64,F,treatment,nm,0.0,-10.0,0.0,0.0,0.0,2.0,0.0,0.0,0.0,0.0,8.09899999999999,119.49
152,A,66,F,treatment,nm,0.0,-8.0,0.0,0.0,-2.0,0.0,0.0,0.0,0.0,0.0,-1.51400000000001,100.593
153,AD,68,F,control,nm,0.0,0.0,0.0,0.0,0.0,1.0,0.0,0.0,0.0,0.0,1.149000000000001,1.149000000000001
154,AD,70,S,control,nm,0.0,-1.0,0.0,0.0,-1.0,0.0,0.0,0.0,0.0,0.0,8.158999999999992,55.06
155,A,72,S,treatment,nm,0.0,17.0,0.0,0.0,0.0,0.0,0.0,0.0,0.0,0.0,15.620000000000005,-6.574000000000002
156,A,74,S,treatment,nm,0.0,0.0,2.0,0.0,0.0,0.0,0.0,0.0,0.0,0.0,2.2809999999999917,2.2809999999999917
157,A,76,F,treatment,nm,0.0,1.0,0.0,0.0,-1.0,0.0,0.0,0.0,0.0,0.0,5.707999999999984,45.21399999999999
158,A,78,F,treatment,nm,0.0,0.0,0.0,0.0,-2.0,0.0,0.0,0.0,0.0,0.0,7.456999999999994,110.30600000000001
159,AD,80,F,control,nm,0.0,-7.0,0.0,2.0,-2.0,0.0,0.0,0.0,0.0,0.0,-111.127,102.445
160,BC,1,S,control,f,18.0,0.0,-2.0,-2.0,0.0,0.0,3.0,0.0,0.0,0.0,-12.233,0.6780000000000115
161,BC,3,F,control,f,18.0,0.0,-1.0,3.0,0.0,-1.0,1.0,0.0,0.0,0.0,0.16999999999999998,0.1700000000000017
162,B,5,F,treatment,f,28.0,0.0,2.0,-2.0,-1.0,-1.0,0.0,0.0,0.0,0.0,-1.7420000000000009,70.866
163,B,7,F,treatment,f,0.0,0.0,-1.0,-3.0,0.0,1.0,0.0,0.0,0.0,0.0,-0.9889999999999999,-0.6140000000000043
164,BC,9,S,control,f,5.0,0.0,5.0,0.0,-2.0,0.0,0.0,0.0,0.0,0.0,-4.952999999999999,9.520999999999994
165,BC,13,S,control,f,18.0,0.0,0.0,3.0,0.0,0.0,0.0,0.0,0.0,0.0,-24.391,-7.348000000000027
166,BC,15,F,control,f,-31.0,0.0,1.0,2.0,0.0,2.0,0.0,0.0,1.0,0.0,45.997,-0.13100000000000023
167,B,17,F,treatment,f,-23.0,0.0,-1.0,2.0,0.0,-1.0,1.0,0.0,0.0,-1.0,64.50800000000001,-1.3250000000000028
168,B,19,F,treatment,f,-23.0,-1.0,-2.0,0.0,0.0,0.0,0.0,0.0,0.0,0.0,60.457,69.54400000000001
169,B,21,S,treatment,f,8.0,-1.0,2.0,2.0,0.0,0.0,0.0,0.0,0.0,0.0,-98.92099999999999,-20.635000000000005
170,B,23,S,treatment,f,0.0,0.0,-10.0,0.0,0.0,0.0,0.0,0.0,0.0,0.0,2.928,2.9279999999999973
171,BC,25,S,control,f,-16.0,-3.0,7.0,-1.0,-1.0,0.0,0.0,0.0,0.0,0.0,145.6,168.526
172,BC,27,F,control,f,8.0,0.0,13.0,0.0,0.0,0.0,0.0,0.0,0.0,0.0,-26.929,-5.440999999999988
173,BC,29,F,control,f,-6.0,0.0,1.0,-3.0,0.0,-3.0,0.0,0.0,0.0,0.0,99.904,2.2220000000000084
174,B,31,S,treatment,f,-13.0,0.0,0.0,2.0,0.0,0.0,0.0,0.0,0.0,0.0,45.478,31.111000000000004
175,B,33,S,treatment,f,-18.0,1.0,3.0,1.0,0.0,0.0,0.0,0.0,0.0,0.0,0.17100000000000026,-26.982
176,B,35,S,treatment,f,27.0,0.0,2.0,1.0,-1.0,0.0,0.0,0.0,0.0,0.0,-120.502,43.545
177,B,37,S,treatment,f,-31.0,0.0,-1.0,0.0,0.0,0.0,0.0,0.0,0.0,0.0,121.503,1.5030000000000143
178,BC,39,S,control,f,-2.0,0.0,5.0,-3.0,-2.0,0.0,0.0,0.0,0.0,0.0,-7.069000000000001,13.098000000000013
179,BC,41,F,control,f,0.0,-7.0,0.0,0.0,-2.0,0.0,0.0,0.0,0.0,0.0,14.852999999999998,77.609
180,BC,43,S,control,f,-1.0,0.0,0.0,5.0,0.0,0.0,0.0,0.0,0.0,0.0,-5.2620000000000005,-1.563999999999993
181,BC,45,F,control,f,-15.0,0.0,7.0,-2.0,0.0,-1.0,0.0,0.0,0.0,0.0,15.774,-0.48200000000001353
182,B,47,S,treatment,f,-17.0,1.0,2.0,-4.0,0.0,0.0,-3.0,0.0,0.0,0.0,3.102,-43.428
183,B,49,S,treatment,f,-13.0,0.0,-1.0,-1.0,0.0,0.0,0.0,0.0,0.0,0.0,4.142,4.14200000000001
184,B,51,S,treatment,f,-10.0,-4.0,0.0,-3.0,-4.0,-1.0,0.0,0.0,0.0,0.0,43.524,83.06700000000001
185,B,53,S,treatment,f,6.0,-9.0,1.0,3.0,-2.0,1.0,0.0,0.0,0.0,0.0,-1.6969999999999998,71.23400000000001
186,BC,55,S,control,f,12.0,-1.0,0.0,3.0,-1.0,1.0,0.0,0.0,0.0,0.0,12.999,111.23599999999999
187,BC,57,F,control,f,11.0,0.0,2.0,0.0,0.0,2.0,0.0,0.0,0.0,0.0,-3.428,3.722999999999999
188,BC,59,S,control,f,13.0,0.0,-5.0,0.0,0.0,0.0,0.0,0.0,0.0,0.0,4.053,0.4329999999999927
189,BC,61,F,control,f,-1.0,-1.0,0.0,-1.0,1.0,0.0,0.0,0.0,0.0,0.0,0.698,53.568
190,B,63,S,treatment,f,-12.0,0.0,0.0,-1.0,0.0,0.0,-1.0,0.0,0.0,0.0,1.6450000000000005,65.501
191,B,65,S,treatment,f,-3.0,-5.0,0.0,2.0,-3.0,0.0,0.0,0.0,0.0,0.0,-1.582,83.542
192,BC,67,S,control,f,3.0,1.0,0.0,-3.0,-2.0,0.0,0.0,0.0,0.0,0.0,5.383,-42.993
193,BC,69,F,control,f,0.0,0.0,1.0,1.0,0.0,0.0,0.0,0.0,0.0,0.0,-16.604,90.601
194,B,71,F,treatment,f,-4.0,-3.0,0.0,-2.0,-5.0,0.0,0.0,0.0,0.0,0.0,0.8820000000000006,76.924
195,B,73,F,treatment,f,0.0,-1.0,0.0,1.0,-2.0,0.0,0.0,0.0,0.0,0.0,-52.733,70.926
196,B,75,S,treatment,f,-2.0,0.0,0.0,4.0,-1.0,1.0,0.0,0.0,0.0,0.0,0.9820000000000011,111.40299999999999
197,B,77,S,treatment,f,-12.0,0.0,-1.0,0.0,0.0,1.0,0.0,0.0,0.0,0.0,-23.011000000000003,-11.378000000000029
198,BC,79,S,control,f,1.0,-2.0,0.0,2.0,-1.0,0.0,0.0,0.0,0.0,0.0,-8.67,15.927999999999997
199,BC,1,S,control,m,16.0,-1.0,1.0,0.0,0.0,0.0,0.0,0.0,0.0,0.0,-4.132,102.243
200,BC,3,F,control,m,7.0,0.0,-1.0,0.0,0.0,-1.0,0.0,0.0,0.0,0.0,1.521,0.1700000000000017
201,B,5,F,treatment,m,10.0,0.0,-1.0,2.0,0.0,-2.0,0.0,0.0,0.0,0.0,-7.352,-7.352000000000004
202,B,7,F,treatment,m,-28.0,0.0,0.0,-2.0,0.0,-1.0,0.0,0.0,0.0,0.0,56.827999999999996,-0.6140000000000043
203,BC,9,S,control,m,-16.0,0.0,0.0,2.0,1.0,0.0,0.0,0.0,0.0,0.0,-3.6140000000000008,-23.362000000000002
204,BC,13,S,control,m,0.0,-2.0,0.0,-1.0,0.0,0.0,0.0,0.0,0.0,0.0,2.266,69.64099999999999
205,BC,15,F,control,m,-20.0,0.0,-4.0,2.0,0.0,2.0,0.0,0.0,0.0,1.0,45.47,-0.13100000000000023
206,B,17,F,treatment,m,10.0,0.0,-15.0,-1.0,0.0,0.0,0.0,0.0,0.0,0.0,-1.3250000000000002,-1.3250000000000028
207,B,19,F,treatment,m,-16.0,-1.0,-1.0,5.0,-1.0,0.0,0.0,0.0,0.0,0.0,59.981,116.31400000000001
208,B,21,S,treatment,m,6.0,-2.0,1.0,1.0,-2.0,0.0,0.0,0.0,0.0,0.0,-0.8809999999999998,38.89
209,B,23,S,treatment,m,31.0,0.0,0.0,0.0,0.0,0.0,0.0,0.0,0.0,0.0,-4.749999999999999,2.9279999999999973
210,BC,25,S,control,m,-10.0,-13.0,1.0,1.0,-2.0,0.0,0.0,0.0,0.0,0.0,142.78900000000002,191.065
211,BC,27,F,control,m,-27.0,0.0,0.0,-1.0,0.0,0.0,0.0,0.0,0.0,0.0,3.5780000000000003,-5.440999999999988
212,BC,29,F,control,m,-25.0,0.0,-2.0,-2.0,2.0,-1.0,0.0,0.0,0.0,0.0,2.2220000000000004,-39.45099999999999
213,B,31,S,treatment,m,14.0,0.0,0.0,0.0,0.0,0.0,0.0,0.0,0.0,0.0,10.854,31.111000000000004
214,B,33,S,treatment,m,26.0,1.0,1.0,-2.0,1.0,1.0,0.0,0.0,0.0,0.0,1.2659999999999998,-30.884
215,B,35,S,treatment,m,-9.0,0.0,-1.0,-1.0,-1.0,0.0,0.0,0.0,0.0,0.0,1.558,-0.5020000000000095
216,B,37,S,treatment,m,21.0,0.0,1.0,-1.0,0.0,0.0,0.0,0.0,0.0,0.0,1.5030000000000006,1.5030000000000143
217,BC,39,S,control,m,13.0,0.0,0.0,0.0,-5.0,0.0,0.0,0.0,0.0,0.0,3.537,49.458
218,BC,41,F,control,m,18.0,-8.0,6.0,0.0,-9.0,0.0,0.0,0.0,0.0,0.0,0.9910000000000001,110.709
219,BC,43,S,control,m,-13.0,0.0,1.0,0.0,0.0,0.0,0.0,0.0,0.0,0.0,0.8130000000000002,-1.563999999999993
220,BC,45,F,control,m,-10.0,0.0,6.0,-1.0,0.0,0.0,0.0,0.0,0.0,1.0,-0.48199999999999976,-0.48200000000001353
221,B,47,S,treatment,m,6.0,0.0,4.0,-3.0,0.0,1.0,0.0,0.0,0.0,0.0,2.3230000000000004,3.102000000000004
222,B,49,S,treatment,m,-6.0,0.0,-11.0,1.0,0.0,-1.0,0.0,0.0,0.0,0.0,1.899000000000001,4.14200000000001
223,B,51,S,treatment,m,-4.0,-16.0,0.0,-1.0,-1.0,-2.0,0.0,0.0,0.0,0.0,5.707,117.453
224,B,53,S,treatment,m,18.0,-17.0,0.0,-1.0,0.0,1.0,1.0,0.0,0.0,0.0,-5.2330000000000005,97.789
225,BC,55,S,control,m,36.0,-11.0,3.0,-3.0,-6.0,0.0,0.0,0.0,0.0,0.0,6.114999999999998,116.50299999999999
226,BC,57,F,control,m,-1.0,0.0,0.0,-3.0,0.0,1.0,0.0,0.0,0.0,0.0,6.126,3.722999999999999
227,BC,59,S,control,m,5.0,-1.0,-1.0,0.0,-1.0,-2.0,0.0,0.0,0.0,0.0,0.43299999999999994,62.778999999999996
228,BC,61,F,control,m,14.0,1.0,0.0,2.0,0.0,0.0,0.0,0.0,0.0,0.0,-119.30199999999999,-23.828999999999994
229,B,63,S,treatment,m,-7.0,1.0,0.0,1.0,-3.0,0.0,0.0,-2.0,0.0,0.0,-8.294,10.075999999999997
230,B,65,S,treatment,m,-8.0,-3.0,0.0,-1.0,-1.0,0.0,0.0,0.0,0.0,0.0,62.274,80.255
231,BC,67,S,control,m,1.0,4.0,0.0,0.0,-2.0,-1.0,0.0,0.0,0.0,0.0,6.894,-76.459
232,BC,69,F,control,m,-7.0,0.0,0.0,0.0,0.0,0.0,0.0,0.0,0.0,0.0,90.601,90.601
233,B,71,F,treatment,m,-32.0,0.0,-1.0,-1.0,0.0,-1.0,0.0,0.0,0.0,0.0,1.641,0.8819999999999908
234,B,73,F,treatment,m,-6.0,-1.0,12.0,2.0,-1.0,0.0,0.0,0.0,0.0,0.0,-14.634,73.57
235,B,75,S,treatment,m,12.0,0.0,-1.0,0.0,0.0,0.0,0.0,0.0,0.0,0.0,27.230999999999998,13.25699999999999
236,B,77,S,treatment,m,-27.0,0.0,0.0,2.0,-1.0,-1.0,0.0,0.0,0.0,0.0,-28.916,107.93099999999998
237,BC,79,S,control,m,10.0,-3.0,0.0,0.0,0.0,0.0,0.0,0.0,0.0,0.0,-9.472999999999999,-7.927
238,BC,2,F,control,nf,2.0,0.0,0.0,-1.0,0.0,0.0,0.0,0.0,0.0,0.0,-1.2360000000000002,0.6780000000000115
239,BC,4,S,control,nf,-4.0,0.0,-2.0,-5.0,0.0,0.0,0.0,0.0,0.0,0.0,40.516,0.1700000000000017
240,B,6,S,treatment,nf,-1.0,0.0,-4.0,1.0,0.0,-1.0,0.0,0.0,0.0,0.0,25.505000000000003,-0.14700000000000557
241,B,8,S,treatment,nf,0.0,-1.0,-3.0,-2.0,0.0,-2.0,0.0,0.0,0.0,0.0,1.0559999999999974,68.43799999999999
242,BC,10,F,control,nf,1.0,0.0,0.0,7.0,0.0,0.0,0.0,0.0,0.0,0.0,-5.8629999999999995,15.736000000000018
243,BC,14,F,control,nf,7.0,0.0,5.0,1.0,0.0,1.0,0.0,0.0,0.0,0.0,16.239000000000004,-7.348000000000027
244,BC,16,S,control,nf,1.0,0.0,1.0,2.0,-1.0,0.0,0.0,0.0,0.0,0.0,1.2029999999999994,113.613
245,B,18,S,treatment,nf,-1.0,0.0,1.0,1.0,-1.0,0.0,0.0,0.0,0.0,0.0,-16.453000000000003,98.267
246,B,20,S,treatment,nf,-4.0,0.0,0.0,-1.0,0.0,0.0,0.0,0.0,0.0,0.0,49.501000000000005,55.97300000000001
247,B,22,F,treatment,nf,3.0,0.0,0.0,6.0,0.0,0.0,0.0,0.0,0.0,0.0,-83.635,2.7919999999999874
248,B,24,F,treatment,nf,12.0,-3.0,2.0,1.0,-1.0,0.0,0.0,0.0,0.0,0.0,-105.681,30.078000000000003
249,BC,26,F,control,nf,0.0,0.0,-1.0,0.0,0.0,0.0,0.0,0.0,0.0,0.0,85.524,85.524
250,BC,28,S,control,nf,-10.0,0.0,-1.0,-2.0,0.0,0.0,0.0,0.0,0.0,0.0,94.45599999999999,-5.440999999999988
251,BC,30,S,control,nf,1.0,2.0,0.0,1.0,0.0,0.0,0.0,0.0,0.0,0.0,-82.045,-26.211
252,B,32,F,treatment,nf,-19.0,0.0,0.0,-1.0,0.0,0.0,0.0,0.0,0.0,0.0,26.685000000000002,30.61800000000001
253,B,34,F,treatment,nf,-10.0,0.0,1.0,-1.0,1.0,0.0,0.0,0.0,0.0,0.0,12.366,-24.89800000000001
254,B,36,F,treatment,nf,-8.0,0.0,0.0,4.0,0.0,0.0,0.0,0.0,0.0,0.0,16.479999999999997,-3.117999999999995
255,B,38,F,treatment,nf,10.0,-1.0,0.0,0.0,-2.0,0.0,0.0,0.0,0.0,0.0,-1.0279999999999996,47.82900000000001
256,BC,40,F,control,nf,-8.0,-1.0,0.0,-5.0,0.0,0.0,0.0,0.0,0.0,0.0,29.951,7.812000000000012
257,BC,42,S,control,nf,6.0,-5.0,0.0,1.0,-3.0,0.0,0.0,0.0,0.0,0.0,-38.712,112.557
258,BC,44,F,control,nf,0.0,0.0,0.0,1.0,0.0,0.0,0.0,0.0,0.0,0.0,-87.29,-1.563999999999993
259,BC,46,S,control,nf,0.0,0.0,1.0,-4.0,0.0,-1.0,0.0,0.0,-2.0,0.0,20.613,-0.48200000000001353
260,B,48,F,treatment,nf,-32.0,0.0,-1.0,-2.0,0.0,0.0,0.0,0.0,0.0,0.0,50.541000000000004,-0.36299999999999955
261,B,50,F,treatment,nf,32.0,0.0,2.0,-5.0,0.0,0.0,-1.0,0.0,0.0,0.0,0.20899999999999963,7.6070000000000135
262,B,52,F,treatment,nf,0.0,0.0,0.0,-1.0,0.0,1.0,0.0,0.0,0.0,0.0,100.76400000000001,10.311999999999998
263,B,54,F,treatment,nf,0.0,0.0,0.0,-1.0,0.0,0.0,0.0,0.0,0.0,0.0,88.697,-1.7999999999999972
264,BC,56,F,control,nf,-3.0,-2.0,12.0,-1.0,-1.0,1.0,0.0,0.0,0.0,0.0,62.42999999999999,124.99499999999999
265,BC,58,S,control,nf,-3.0,0.0,4.0,-3.0,0.0,0.0,0.0,0.0,0.0,0.0,26.837999999999997,3.722999999999999
266,BC,60,F,control,nf,-3.0,-2.0,2.0,1.0,-1.0,0.0,0.0,0.0,0.0,0.0,54.896,65.329
267,BC,62,S,control,nf,-3.0,-1.0,0.0,0.0,0.0,0.0,0.0,0.0,0.0,0.0,-21.142000000000003,14.816000000000003
268,B,64,F,treatment,nf,-8.0,3.0,-2.0,3.0,-1.0,0.0,0.0,0.0,0.0,0.0,-24.976999999999997,-71.58099999999999
269,B,66,F,treatment,nf,6.0,0.0,1.0,4.0,0.0,0.0,0.0,0.0,0.0,0.0,-67.673,-3.272999999999996
270,BC,68,F,control,nf,0.0,0.0,3.0,0.0,-1.0,0.0,0.0,0.0,0.0,0.0,20.876999999999995,44.11999999999999
271,BC,70,S,control,nf,0.0,0.0,0.0,0.0,0.0,0.0,0.0,0.0,0.0,0.0,90.601,90.601
272,B,72,S,treatment,nf,2.0,0.0,1.0,2.0,-1.0,0.0,0.0,0.0,0.0,0.0,-8.607000000000001,76.338
273,B,74,S,treatment,nf,-8.0,-8.0,-1.0,0.0,-2.0,0.0,0.0,0.0,0.0,0.0,105.453,99.623
274,B,76,F,treatment,nf,-1.0,0.0,-2.0,1.0,0.0,1.0,0.0,0.0,0.0,0.0,-1.397000000000002,-0.08900000000002706
275,B,78,F,treatment,nf,-1.0,-3.0,3.0,1.0,-1.0,0.0,0.0,0.0,0.0,0.0,22.488999999999997,74.869
276,BC,80,F,control,nf,7.0,3.0,0.0,1.0,-4.0,0.0,0.0,0.0,0.0,0.0,-10.084,-68.101
277,BC,2,F,control,nm,-12.0,0.0,0.0,1.0,0.0,0.0,0.0,0.0,0.0,0.0,4.652,0.6780000000000115
278,BC,4,S,control,nm,-3.0,0.0,0.0,-4.0,0.0,0.0,0.0,0.0,0.0,0.0,22.704,0.1700000000000017
279,B,6,S,treatment,nm,-7.0,0.0,-1.0,-3.0,0.0,0.0,0.0,0.0,0.0,0.0,113.366,-0.14700000000000557
280,B,8,S,treatment,nm,-3.0,0.0,1.0,-1.0,-1.0,0.0,0.0,0.0,0.0,0.0,65.588,68.43799999999999
281,BC,10,F,control,nm,-5.0,-1.0,0.0,5.0,0.0,0.0,0.0,0.0,0.0,0.0,19.162,37.321000000000005
282,BC,14,F,control,nm,0.0,-1.0,1.0,0.0,0.0,0.0,0.0,0.0,0.0,0.0,45.503,92.43499999999999
283,BC,16,S,control,nm,-10.0,0.0,0.0,4.0,0.0,0.0,0.0,0.0,0.0,0.0,-16.811999999999998,-0.13100000000000023
284,B,18,S,treatment,nm,-16.0,-1.0,-1.0,-3.0,-1.0,1.0,0.0,0.0,0.0,0.0,8.925999999999998,112.31099999999999
285,B,20,S,treatment,nm,14.0,0.0,-2.0,-1.0,0.0,0.0,0.0,0.0,0.0,0.0,50.77900000000001,55.97300000000001
286,B,22,F,treatment,nm,3.0,1.0,-3.0,2.0,1.0,0.0,0.0,0.0,0.0,0.0,-9.562,-44.283000000000015
287,B,24,F,treatment,nm,1.0,-3.0,0.0,0.0,-2.0,0.0,0.0,0.0,0.0,0.0,-113.83099999999999,29.412999999999997
288,BC,26,F,control,nm,-3.0,-9.0,0.0,1.0,0.0,-1.0,0.0,0.0,0.0,0.0,82.499,174.72899999999998
289,BC,28,S,control,nm,-19.0,0.0,4.0,4.0,0.0,0.0,0.0,0.0,0.0,0.0,3.5969999999999978,-5.440999999999988
290,BC,30,S,control,nm,1.0,2.0,0.0,2.0,1.0,0.0,0.0,0.0,0.0,0.0,-84.337,-27.920999999999992
291,B,32,F,treatment,nm,9.0,0.0,0.0,-6.0,0.0,0.0,0.0,0.0,0.0,0.0,9.957,30.61800000000001
292,B,34,F,treatment,nm,0.0,0.0,0.0,3.0,0.0,0.0,0.0,0.0,0.0,0.0,-54.56,1.7590000000000003
293,B,36,F,treatment,nm,3.0,0.0,0.0,0.0,0.0,0.0,0.0,0.0,0.0,0.0,-1.7119999999999997,-3.117999999999995
294,B,38,F,treatment,nm,31.0,0.0,0.0,1.0,-3.0,0.0,0.0,0.0,0.0,0.0,-9.617999999999999,48.58200000000001
295,BC,40,F,control,nm,5.0,0.0,0.0,-4.0,-1.0,0.0,0.0,0.0,0.0,0.0,28.398000000000003,49.057000000000016
296,BC,42,S,control,nm,1.0,2.0,0.0,3.0,-2.0,0.0,0.0,0.0,0.0,0.0,-6.040000000000001,17.649
297,BC,44,F,control,nm,-3.0,0.0,0.0,0.0,0.0,-1.0,0.0,0.0,0.0,0.0,75.993,-1.563999999999993
298,BC,46,S,control,nm,-9.0,0.0,-1.0,-1.0,0.0,-1.0,0.0,0.0,0.0,0.0,1.0809999999999995,-0.48200000000001353
299,B,48,F,treatment,nm,-8.0,0.0,-1.0,-2.0,0.0,0.0,0.0,0.0,0.0,0.0,37.852000000000004,-0.36299999999999955
300,B,50,F,treatment,nm,-21.0,0.0,1.0,-2.0,0.0,0.0,0.0,0.0,0.0,0.0,115.21,7.6070000000000135
301,B,52,F,treatment,nm,-1.0,-11.0,0.0,-1.0,-3.0,0.0,0.0,-5.0,0.0,0.0,36.587,104.85900000000001
302,B,54,F,treatment,nm,-5.0,-7.0,0.0,-1.0,-2.0,0.0,-1.0,-4.0,0.0,0.0,106.772,96.179
303,BC,56,F,control,nm,-5.0,-19.0,-1.0,-4.0,-2.0,0.0,0.0,0.0,0.0,0.0,115.978,127.97999999999999
304,BC,58,S,control,nm,0.0,0.0,0.0,-4.0,0.0,1.0,0.0,0.0,0.0,0.0,92.92099999999999,3.722999999999999
305,BC,60,F,control,nm,1.0,1.0,0.0,1.0,0.0,1.0,0.0,0.0,0.0,0.0,-17.23599999999999,-11.058000000000007
306,BC,62,S,control,nm,0.0,-1.0,2.0,1.0,1.0,0.0,0.0,0.0,0.0,0.0,-24.72,-6.021000000000015
307,B,64,F,treatment,nm,-4.0,3.0,0.0,0.0,0.0,0.0,0.0,0.0,0.0,0.0,16.522,-88.22399999999999
308,B,66,F,treatment,nm,-3.0,-4.0,0.0,2.0,0.0,0.0,0.0,0.0,0.0,0.0,16.679000000000002,101.78800000000001
309,BC,68,F,control,nm,0.0,0.0,2.0,-1.0,0.0,0.0,0.0,0.0,0.0,0.0,17.488999999999997,3.319999999999993
310,BC,70,S,control,nm,0.0,0.0,0.0,3.0,0.0,0.0,0.0,0.0,0.0,0.0,-22.986000000000004,90.601
311,B,72,S,treatment,nm,-4.0,0.0,0.0,0.0,-2.0,0.0,0.0,0.0,0.0,0.0,93.839,76.338
312,B,74,S,treatment,nm,1.0,1.0,0.0,4.0,0.0,1.0,0.0,0.0,0.0,0.0,-77.108,-22.42
313,B,76,F,treatment,nm,-4.0,0.0,1.0,-7.0,-2.0,0.0,0.0,0.0,0.0,0.0,105.853,119.91099999999999
314,B,78,F,treatment,nm,-13.0,0.0,0.0,0.0,-1.0,0.0,0.0,0.0,0.0,0.0,23.843000000000004,110.195
315,BC,80,F,control,nm,14.0,0.0,0.0,2.0,-4.0,0.0,0.0,0.0,0.0,0.0,-23.332,-38.449
316,BC,2,F,control,f,18.0,0.0,-1.0,0.0,0.0,0.0,0.0,0.0,0.0,0.0,-1.153,-1.1529999999999916
317,BC,4,S,control,f,6.0,0.0,1.0,3.0,0.0,0.0,0.0,0.0,0.0,0.0,-0.138,-0.13800000000000523
318,C,6,S,treatment,f,0.0,0.0,-2.0,0.0,-1.0,-5.0,-1.0,0.0,0.0,0.0,0.32899999999999974,12.459000000000003
319,C,8,S,treatment,f,7.0,0.0,-14.0,0.0,-1.0,-3.0,0.0,0.0,0.0,0.0,-33.971,22.14800000000001
320,BC,10,F,control,f,14.0,2.0,-1.0,-3.0,3.0,0.0,0.0,0.0,0.0,0.0,0.694,-36.08
321,BC,12,S,control,f,-4.0,1.0,1.0,-2.0,-1.0,0.0,0.0,0.0,0.0,0.0,9.607,-27.506
322,BC,14,F,control,f,-24.0,0.0,-4.0,5.0,0.0,0.0,0.0,0.0,0.0,0.0,10.869,10.868999999999986
323,BC,16,S,control,f,1.0,-1.0,0.0,2.0,-3.0,0.0,0.0,0.0,0.0,0.0,-141.45000000000002,59.42400000000002
324,C,18,S,treatment,f,5.0,-1.0,2.0,-1.0,0.0,0.0,-1.0,0.0,0.0,0.0,-15.465000000000002,16.537000000000006
325,C,20,S,treatment,f,-23.0,0.0,-2.0,-1.0,0.0,-1.0,0.0,0.0,0.0,0.0,32.589,12.939999999999998
326,C,22,F,treatment,f,-19.0,0.0,0.0,2.0,0.0,0.0,0.0,0.0,0.0,0.0,2.1390000000000002,2.346999999999994
327,C,24,F,treatment,f,-2.0,0.0,8.0,4.0,0.0,3.0,0.0,0.0,0.0,1.0,-20.876,-17.068000000000012
328,BC,26,F,control,f,4.0,-3.0,3.0,0.0,-1.0,0.0,0.0,0.0,0.0,0.0,2.047,85.566
329,BC,28,S,control,f,21.0,0.0,-7.0,-3.0,1.0,0.0,0.0,0.0,0.0,0.0,-8.379999999999999,-17.845
330,BC,30,S,control,f,-9.0,0.0,19.0,0.0,0.0,0.0,0.0,0.0,0.0,0.0,13.768,-0.8580000000000041
331,C,32,F,treatment,f,11.0,0.0,0.0,1.0,0.0,0.0,0.0,0.0,0.0,0.0,27.909,16.94800000000002
332,C,34,F,treatment,f,2.0,3.0,-1.0,1.0,0.0,0.0,-2.0,0.0,0.0,0.0,-0.38400000000000034,-96.04499999999999
333,C,36,F,treatment,f,-1.0,0.0,0.0,1.0,0.0,0.0,0.0,0.0,0.0,0.0,9.081,-0.9240000000000066
334,C,38,F,treatment,f,-16.0,0.0,-2.0,9.0,0.0,0.0,0.0,0.0,0.0,0.0,1.6869999999999998,1.6869999999999976
335,BC,40,F,control,f,-2.0,5.0,-3.0,-3.0,0.0,0.0,0.0,0.0,0.0,0.0,14.169,8.321000000000002
336,BC,42,S,control,f,-1.0,0.0,0.0,0.0,-3.0,0.0,0.0,0.0,0.0,0.0,95.001,113.673
337,BC,44,F,control,f,12.0,0.0,0.0,0.0,0.0,1.0,0.0,0.0,0.0,0.0,56.306,53.30799999999998
338,BC,46,S,control,f,-21.0,1.0,-3.0,0.0,0.0,0.0,0.0,0.0,0.0,0.0,1.7180000000000002,-75.086
339,C,48,F,treatment,f,-35.0,-1.0,0.0,1.0,0.0,0.0,0.0,0.0,0.0,0.0,25.225,32.14700000000002
340,C,50,F,treatment,f,15.0,0.0,3.0,-3.0,0.0,1.0,1.0,0.0,0.0,0.0,20.432,20.432000000000016
341,C,52,F,treatment,f,0.0,0.0,-2.0,5.0,0.0,2.0,0.0,0.0,0.0,0.0,-46.402,-6.1440000000000055
342,C,54,F,treatment,f,-3.0,-1.0,0.0,-1.0,0.0,2.0,0.0,0.0,0.0,0.0,-31.4,75.981
343,BC,56,F,control,f,0.0,0.0,3.0,2.0,1.0,0.0,0.0,0.0,0.0,0.0,-5.071999999999999,-55.61500000000001
344,BC,58,S,control,f,-10.0,0.0,-2.0,11.0,-5.0,1.0,0.0,0.0,0.0,0.0,0.6960000000000002,105.36399999999999
345,BC,60,F,control,f,23.0,0.0,0.0,-2.0,-1.0,2.0,0.0,0.0,0.0,0.0,-6.94,22.070000000000007
346,BC,62,S,control,f,23.0,-5.0,0.0,2.0,-1.0,0.0,0.0,0.0,0.0,0.0,1.0559999999999998,81.226
347,C,64,F,treatment,f,18.0,-1.0,2.0,-3.0,0.0,0.0,0.0,0.0,0.0,0.0,-5.23,62.296
348,C,66,F,treatment,f,0.0,0.0,4.0,12.0,0.0,0.0,0.0,0.0,0.0,0.0,-5.204999999999998,4.088999999999999
349,BC,68,F,control,f,-6.0,0.0,-5.0,-1.0,0.0,2.0,0.0,0.0,0.0,0.0,-24.369000000000003,-3.3079999999999927
350,BC,70,S,control,f,-5.0,-2.0,0.0,-2.0,-1.0,0.0,0.0,0.0,0.0,0.0,94.99100000000001,64.211
351,C,72,S,treatment,f,0.0,-2.0,0.0,0.0,-2.0,0.0,0.0,0.0,0.0,0.0,-12.799000000000007,107.201
352,C,74,S,treatment,f,1.0,0.0,0.0,0.0,-2.0,2.0,0.0,0.0,0.0,0.0,-72.67399999999999,98.048
353,C,76,F,treatment,f,23.0,0.0,-7.0,-3.0,0.0,-1.0,0.0,0.0,0.0,0.0,-6.848000000000001,-4.165000000000006
354,C,78,F,treatment,f,5.0,0.0,0.0,1.0,-2.0,0.0,0.0,0.0,0.0,0.0,-5.5329999999999995,95.458
355,BC,80,F,control,f,-18.0,3.0,0.0,3.0,3.0,0.0,0.0,0.0,0.0,0.0,2.076,-97.733
356,BC,2,F,control,m,10.0,0.0,-1.0,0.0,0.0,0.0,0.0,0.0,0.0,1.0,-0.621,-1.1529999999999916
357,BC,4,S,control,m,2.0,3.0,3.0,2.0,0.0,0.0,0.0,0.0,0.0,0.0,-44.365,-75.57600000000001
358,C,6,S,treatment,m,2.0,-2.0,-5.0,1.0,1.0,-4.0,0.0,0.0,0.0,0.0,8.327,41.20399999999999
359,C,8,S,treatment,m,4.0,2.0,0.0,0.0,-2.0,-1.0,0.0,0.0,0.0,0.0,10.759,-83.90200000000002
360,BC,10,F,control,m,1.0,2.0,0.0,1.0,2.0,0.0,0.0,0.0,0.0,0.0,7.185,81.409
361,BC,12,S,control,m,-6.0,6.0,0.0,-5.0,0.0,0.0,0.0,0.0,0.0,0.0,-11.45,0.46799999999999997
362,BC,14,F,control,m,-21.0,0.0,-4.0,2.0,0.0,0.0,0.0,0.0,0.0,0.0,11.809999999999999,10.868999999999986
363,BC,16,S,control,m,-2.0,-4.0,0.0,4.0,-2.0,0.0,0.0,0.0,0.0,0.0,-19.79,85.88400000000001
364,C,18,S,treatment,m,1.0,-21.0,-1.0,-1.0,0.0,0.0,0.0,0.0,0.0,0.0,9.280000000000001,27.531000000000002
365,C,20,S,treatment,m,-3.0,0.0,-2.0,4.0,-1.0,0.0,0.0,0.0,0.0,0.0,7.055,45.371999999999986
366,C,22,F,treatment,m,-47.0,0.0,1.0,0.0,0.0,0.0,0.0,0.0,0.0,0.0,5.593999999999999,2.346999999999994
367,C,24,F,treatment,m,3.0,0.0,7.0,5.0,0.0,4.0,0.0,0.0,0.0,0.0,-13.592000000000002,-17.068000000000012
368,BC,26,F,control,m,13.0,0.0,0.0,1.0,0.0,0.0,0.0,0.0,0.0,1.0,3.1350000000000002,2.0470000000000113
369,BC,28,S,control,m,15.0,-1.0,0.0,0.0,-1.0,0.0,-1.0,0.0,0.0,1.0,-1.614,80.226
370,BC,30,S,control,m,12.0,0.0,1.0,0.0,0.0,0.0,0.0,0.0,0.0,0.0,-120.858,-0.8580000000000041
371,C,32,F,treatment,m,28.0,0.0,-1.0,-2.0,0.0,0.0,0.0,0.0,0.0,0.0,16.948,16.94800000000002
372,C,34,F,treatment,m,20.0,-3.0,0.0,6.0,-1.0,0.0,0.0,0.0,0.0,0.0,1.001,96.861
373,C,36,F,treatment,m,1.0,0.0,-4.0,0.0,0.0,0.0,0.0,0.0,0.0,0.0,-0.9240000000000004,-0.9240000000000066
374,C,38,F,treatment,m,17.0,0.0,0.0,8.0,0.0,0.0,1.0,0.0,0.0,0.0,2.5189999999999984,1.6869999999999976
375,BC,40,F,control,m,10.0,4.0,-1.0,-3.0,-1.0,0.0,0.0,0.0,0.0,0.0,8.557,-6.346000000000004
376,BC,42,S,control,m,17.0,-1.0,0.0,1.0,-2.0,0.0,0.0,0.0,0.0,0.0,4.875,80.458
377,BC,44,F,control,m,-36.0,0.0,2.0,3.0,0.0,0.0,0.0,0.0,0.0,0.0,85.20800000000001,53.30799999999998
378,BC,46,S,control,m,-15.0,0.0,0.0,0.0,0.0,0.0,0.0,0.0,0.0,0.0,-3.588,-0.5859999999999985
379,C,48,F,treatment,m,-4.0,0.0,4.0,-2.0,0.0,0.0,0.0,0.0,0.0,0.0,16.997,16.997000000000014
380,C,50,F,treatment,m,-23.0,0.0,-1.0,0.0,0.0,0.0,0.0,0.0,0.0,0.0,116.742,20.432000000000016
381,C,52,F,treatment,m,12.0,0.0,4.0,2.0,-1.0,-1.0,0.0,0.0,0.0,0.0,-6.144,-6.1440000000000055
382,C,54,F,treatment,m,-12.0,-1.0,-1.0,1.0,-2.0,2.0,1.0,0.0,0.0,1.0,9.892,77.92799999999998
383,BC,56,F,control,m,15.0,-25.0,0.0,2.0,0.0,0.0,0.0,0.0,0.0,0.0,1.1430000000000002,112.707
384,BC,58,S,control,m,-1.0,1.0,-2.0,0.0,2.0,1.0,0.0,0.0,0.0,0.0,10.034,-93.755
385,BC,60,F,control,m,32.0,2.0,1.0,-1.0,0.0,1.0,0.0,0.0,0.0,0.0,-11.020000000000001,-23.478999999999992
386,BC,62,S,control,m,25.0,-2.0,0.0,1.0,0.0,-1.0,0.0,0.0,0.0,0.0,0.8620000000000001,-2.8290000000000006
387,C,64,F,treatment,m,25.0,-6.0,-1.0,0.0,-1.0,0.0,0.0,-1.0,0.0,0.0,4.667,92.412
388,C,66,F,treatment,m,4.0,-4.0,1.0,2.0,-3.0,0.0,0.0,0.0,0.0,0.0,4.089,93.821
389,BC,68,F,control,m,-4.0,0.0,-1.0,0.0,0.0,0.0,0.0,0.0,0.0,0.0,0.0039999999999995595,-3.3079999999999927
390,BC,70,S,control,m,2.0,0.0,0.0,3.0,-1.0,0.0,0.0,0.0,0.0,0.0,5.662000000000001,40.093
391,C,72,S,treatment,m,4.0,0.0,0.0,2.0,-1.0,0.0,0.0,0.0,0.0,0.0,-117.24,69.434
392,C,74,S,treatment,m,4.0,-1.0,1.0,2.0,-4.0,0.0,0.0,0.0,0.0,0.0,-134.06,105.94
393,C,76,F,treatment,m,18.0,0.0,0.0,-3.0,-1.0,1.0,0.0,0.0,0.0,0.0,8.617,69.619
394,C,78,F,treatment,m,24.0,0.0,-1.0,-3.0,0.0,0.0,0.0,0.0,0.0,0.0,-2.330000000000001,1.769999999999996
395,BC,80,F,control,m,14.0,0.0,-1.0,-2.0,-1.0,0.0,0.0,0.0,0.0,0.0,-6.86,6.336
396,BC,1,S,control,nf,-2.0,0.0,1.0,-1.0,0.0,0.0,0.0,0.0,0.0,0.0,-23.649,-1.1529999999999916
397,BC,3,F,control,nf,12.0,0.0,0.0,-2.0,0.0,0.0,1.0,0.0,0.0,0.0,-1.4850000000000003,-0.13800000000000523
398,C,5,F,treatment,nf,2.0,0.0,5.0,0.0,0.0,0.0,0.0,0.0,0.0,0.0,-20.463,-0.3439999999999941
399,C,7,F,treatment,nf,-2.0,-1.0,4.0,0.0,0.0,1.0,0.0,0.0,0.0,0.0,-4.690000000000001,43.985
400,BC,9,S,control,nf,0.0,5.0,0.0,2.0,2.0,0.0,0.0,0.0,0.0,0.0,-96.797,-110.799
401,BC,11,F,control,nf,-3.0,0.0,4.0,-3.0,2.0,0.0,0.0,0.0,0.0,0.0,117.63799999999999,30.520000000000003
402,BC,13,S,control,nf,2.0,0.0,2.0,6.0,0.0,0.0,0.0,0.0,0.0,0.0,-95.634,10.868999999999986
403,BC,15,F,control,nf,0.0,-1.0,2.0,0.0,-2.0,0.0,0.0,-1.0,0.0,0.0,4.293999999999997,58.92100000000002
404,C,17,F,treatment,nf,13.0,0.0,0.0,0.0,0.0,0.0,0.0,0.0,0.0,0.0,-94.34,-0.8329999999999842
405,C,19,F,treatment,nf,-6.0,-4.0,0.0,0.0,0.0,0.0,0.0,0.0,0.0,0.0,125.71799999999999,117.11499999999998
406,C,21,S,treatment,nf,1.0,0.0,-2.0,2.0,0.0,0.0,0.0,0.0,0.0,0.0,-128.59900000000002,-15.818000000000012
407,C,23,S,treatment,nf,-1.0,0.0,-2.0,-1.0,0.0,0.0,0.0,0.0,0.0,0.0,67.76400000000001,1.0969999999999942
408,BC,25,S,control,nf,-8.0,-2.0,0.0,-1.0,0.0,0.0,0.0,0.0,0.0,0.0,112.579,90.80699999999999
409,BC,27,F,control,nf,-3.0,0.0,5.0,3.0,-1.0,0.0,0.0,0.0,0.0,0.0,-9.686,65.63000000000001
410,BC,29,F,control,nf,2.0,0.0,0.0,2.0,0.0,0.0,0.0,0.0,0.0,0.0,-66.322,-0.8580000000000041
411,C,31,S,treatment,nf,0.0,0.0,0.0,2.0,0.0,0.0,0.0,0.0,0.0,0.0,-82.33699999999999,16.69200000000002
412,C,33,S,treatment,nf,4.0,1.0,0.0,0.0,0.0,0.0,0.0,0.0,0.0,0.0,-95.55499999999999,-67.937
413,C,35,S,treatment,nf,4.0,0.0,0.0,1.0,0.0,0.0,0.0,0.0,0.0,0.0,-35.183,2.331000000000003
414,C,37,S,treatment,nf,-2.0,0.0,0.0,-1.0,0.0,0.0,0.0,0.0,0.0,0.0,16.612,-1.568000000000012
415,BC,39,S,control,nf,4.0,6.0,0.0,-2.0,-1.0,0.0,0.0,0.0,0.0,0.0,1.804000000000002,16.426000000000002
416,BC,41,F,control,nf,-2.0,-4.0,0.0,0.0,-1.0,0.0,0.0,0.0,0.0,0.0,107.351,102.131
417,BC,43,S,control,nf,14.0,0.0,1.0,0.0,0.0,0.0,0.0,0.0,0.0,0.0,43.527,53.30799999999998
418,BC,45,F,control,nf,2.0,0.0,-1.0,-5.0,0.0,0.0,0.0,0.0,0.0,0.0,14.203999999999999,-0.5859999999999985
419,C,47,S,treatment,nf,7.0,0.0,0.0,-5.0,0.0,0.0,0.0,0.0,0.0,0.0,-4.6229999999999976,14.838000000000022
420,C,49,S,treatment,nf,-6.0,0.0,0.0,-4.0,0.0,0.0,0.0,0.0,0.0,0.0,128.32600000000002,22.591000000000008
421,C,51,S,treatment,nf,-5.0,0.0,0.0,-1.0,-1.0,0.0,0.0,0.0,0.0,0.0,127.85199999999999,77.16899999999998
422,C,53,S,treatment,nf,5.0,0.0,0.0,0.0,0.0,0.0,1.0,0.0,0.0,0.0,-48.08,-5.049000000000007
423,BC,55,S,control,nf,4.0,3.0,0.0,3.0,0.0,0.0,0.0,0.0,0.0,0.0,59.279,-62.873999999999995
424,BC,57,F,control,nf,18.0,1.0,1.0,0.0,0.0,0.0,0.0,0.0,0.0,0.0,-106.104,-24.406000000000006
425,BC,59,S,control,nf,-12.0,2.0,-1.0,0.0,0.0,0.0,0.0,0.0,0.0,0.0,39.231,-74.26599999999999
426,BC,61,F,control,nf,-5.0,0.0,-1.0,-2.0,0.0,0.0,0.0,0.0,0.0,0.0,56.946999999999996,1.0559999999999974
427,C,63,S,treatment,nf,-2.0,-1.0,0.0,0.0,-2.0,0.0,0.0,0.0,0.0,0.0,16.56,51.753
428,C,65,S,treatment,nf,-12.0,-1.0,-1.0,1.0,-1.0,0.0,0.0,0.0,0.0,0.0,65.138,62.911
429,BC,67,S,control,nf,-11.0,0.0,0.0,1.0,0.0,0.0,0.0,0.0,0.0,0.0,-6.324,-3.3079999999999927
430,BC,69,F,control,nf,0.0,0.0,0.0,-1.0,0.0,0.0,0.0,0.0,0.0,0.0,15.49600000000001,5.662000000000006
431,C,71,F,treatment,nf,1.0,-1.0,0.0,1.0,-3.0,0.0,0.0,0.0,0.0,0.0,-116.02199999999999,95.57
432,C,73,F,treatment,nf,0.0,0.0,-1.0,0.0,-3.0,0.0,0.0,0.0,0.0,0.0,-30.432999999999993,111.288
433,C,75,S,treatment,nf,15.0,0.0,-1.0,-2.0,-2.0,0.0,0.0,0.0,0.0,0.0,18.985,93.213
434,C,77,S,treatment,nf,0.0,0.0,1.0,0.0,0.0,1.0,0.0,0.0,0.0,0.0,29.629999999999995,-1.9200000000000017
435,BC,79,S,control,nf,-7.0,-1.0,0.0,3.0,-2.0,0.0,0.0,0.0,0.0,0.0,3.0820000000000003,68.46199999999999
436,BC,1,S,control,nm,9.0,0.0,1.0,-1.0,0.0,0.0,0.0,0.0,0.0,0.0,-6.218,-1.1529999999999916
437,BC,3,F,control,nm,2.0,1.0,0.0,-1.0,0.0,0.0,1.0,0.0,0.0,0.0,-4.5169999999999995,-0.13800000000000523
438,C,5,F,treatment,nm,3.0,0.0,0.0,4.0,-1.0,0.0,0.0,0.0,0.0,0.0,-4.677,25.887000000000015
439,C,7,F,treatment,nm,0.0,-1.0,0.0,0.0,-2.0,0.0,0.0,0.0,0.0,0.0,16.339,63.775000000000006
440,BC,9,S,control,nm,2.0,4.0,-1.0,3.0,2.0,0.0,0.0,0.0,0.0,0.0,-97.776,-114.126
441,BC,11,F,control,nm,-9.0,1.0,0.0,0.0,0.0,0.0,0.0,0.0,0.0,0.0,104.21900000000001,-12.634000000000004
442,BC,13,S,control,nm,-13.0,0.0,0.0,2.0,0.0,0.0,0.0,0.0,0.0,0.0,-7.778999999999998,10.868999999999986
443,BC,15,F,control,nm,12.0,0.0,0.0,1.0,0.0,0.0,0.0,0.0,0.0,0.0,-125.58900000000001,-21.44999999999999
444,C,17,F,treatment,nm,20.0,0.0,2.0,0.0,0.0,0.0,0.0,0.0,0.0,0.0,-118.607,-0.8329999999999842
445,C,19,F,treatment,nm,-7.0,-8.0,2.0,0.0,0.0,2.0,0.0,-2.0,0.0,0.0,21.152,112.15999999999998
446,C,21,S,treatment,nm,2.0,0.0,0.0,5.0,0.0,0.0,0.0,0.0,0.0,0.0,-96.69800000000001,-15.818000000000012
447,C,23,S,treatment,nm,-1.0,0.0,0.0,1.0,0.0,0.0,0.0,0.0,0.0,0.0,-1.8639999999999972,1.0969999999999942
448,BC,25,S,control,nm,-14.0,-2.0,0.0,0.0,0.0,0.0,0.0,0.0,0.0,0.0,119.835,78.15899999999999
449,BC,27,F,control,nm,2.0,0.0,0.0,3.0,0.0,0.0,0.0,0.0,0.0,0.0,-104.87400000000001,-1.61399999999999
450,BC,29,F,control,nm,10.0,0.0,8.0,1.0,0.0,0.0,0.0,0.0,0.0,0.0,-8.032,-0.8580000000000041
451,C,31,S,treatment,nm,0.0,0.0,0.0,0.0,0.0,0.0,0.0,0.0,0.0,0.0,16.691999999999993,16.69200000000002
452,C,33,S,treatment,nm,7.0,0.0,0.0,3.0,1.0,0.0,0.0,0.0,0.0,0.0,-118.743,-57.272999999999996
453,C,35,S,treatment,nm,4.0,0.0,0.0,3.0,0.0,0.0,0.0,0.0,0.0,0.0,-106.408,2.331000000000003
454,C,37,S,treatment,nm,-12.0,0.0,4.0,0.0,0.0,0.0,0.0,0.0,0.0,0.0,33.009,-1.568000000000012
455,BC,39,S,control,nm,-2.0,0.0,0.0,-3.0,0.0,0.0,0.0,0.0,0.0,0.0,27.804000000000002,8.556999999999988
456,BC,41,F,control,nm,-5.0,-8.0,0.0,0.0,0.0,0.0,0.0,0.0,0.0,0.0,63.40500000000001,74.738
457,BC,43,S,control,nm,4.0,0.0,0.0,0.0,0.0,1.0,0.0,0.0,0.0,0.0,46.254,53.30799999999998
458,BC,45,F,control,nm,13.0,0.0,0.0,-1.0,0.0,0.0,0.0,0.0,0.0,0.0,2.609000000000001,-0.5859999999999985
459,C,47,S,treatment,nm,2.0,0.0,3.0,0.0,0.0,0.0,0.0,0.0,0.0,0.0,14.882000000000005,14.838000000000022
460,C,49,S,treatment,nm,-9.0,0.0,0.0,-7.0,0.0,0.0,-1.0,0.0,0.0,0.0,128.32600000000002,22.591000000000008
461,C,51,S,treatment,nm,-23.0,0.0,-1.0,-1.0,-1.0,0.0,0.0,0.0,0.0,0.0,115.78699999999999,21.502999999999986
462,C,53,S,treatment,nm,8.0,-2.0,0.0,2.0,0.0,0.0,0.0,0.0,0.0,0.0,-107.06,5.025000000000006
463,BC,55,S,control,nm,4.0,-5.0,0.0,4.0,-3.0,0.0,0.0,-4.0,0.0,0.0,2.784,3.6919999999999984
464,BC,57,F,control,nm,9.0,1.0,0.0,2.0,0.0,0.0,0.0,0.0,0.0,0.0,-58.605000000000004,-22.697999999999993
465,BC,59,S,control,nm,-23.0,-6.0,0.0,-2.0,-1.0,0.0,0.0,0.0,0.0,0.0,119.783,51.797
466,BC,61,F,control,nm,-11.0,0.0,1.0,1.0,-1.0,1.0,0.0,0.0,0.0,0.0,89.592,21.382999999999996
467,C,63,S,treatment,nm,-6.0,-2.0,0.0,4.0,0.0,0.0,0.0,-1.0,0.0,0.0,-10.709999999999999,38.61
468,C,65,S,treatment,nm,-7.0,-2.0,-1.0,-1.0,-1.0,0.0,0.0,0.0,0.0,0.0,125.819,87.192
469,BC,67,S,control,nm,32.0,0.0,-1.0,-4.0,0.0,0.0,0.0,0.0,0.0,0.0,-9.483,-3.3079999999999927
470,BC,69,F,control,nm,2.0,-3.0,-1.0,0.0,0.0,0.0,0.0,0.0,0.0,0.0,20.249,63.92200000000001
471,C,71,F,treatment,nm,9.0,0.0,0.0,0.0,-4.0,0.0,0.0,0.0,0.0,0.0,-119.18499999999999,81.89099999999999
472,C,73,F,treatment,nm,0.0,0.0,5.0,-1.0,-2.0,0.0,0.0,0.0,0.0,0.0,11.504000000000005,98.089
473,C,75,S,treatment,nm,18.0,0.0,0.0,-1.0,0.0,0.0,0.0,0.0,0.0,0.0,19.614,-0.4750000000000085
474,C,77,S,treatment,nm,1.0,0.0,0.0,3.0,0.0,0.0,0.0,0.0,0.0,0.0,46.388999999999996,-1.9200000000000017
475,BC,79,S,control,nm,-5.0,-1.0,0.0,0.0,2.0,0.0,0.0,0.0,0.0,0.0,3.0820000000000003,54.745000000000005
476,AD,2,F,control,f,1.0,0.0,-1.0,-1.0,0.0,0.0,3.0,0.0,0.0,0.0,-0.336,-0.3359999999999985
477,AD,4,S,control,f,-32.0,0.0,-5.0,3.0,0.0,2.0,-1.0,0.0,2.0,0.0,5.038,1.7970000000000113
478,D,6,S,treatment,f,10.0,0.0,-3.0,1.0,-1.0,0.0,0.0,0.0,0.0,0.0,-78.22500000000001,21.21799999999999
479,D,8,S,treatment,f,-12.0,0.0,-13.0,6.0,-1.0,-3.0,0.0,0.0,0.0,0.0,-3.6550000000000002,1.6200000000000045
480,AD,10,F,control,f,12.0,1.0,0.0,1.0,-5.0,0.0,2.0,0.0,0.0,0.0,-0.806,-4.196999999999999
481,AD,12,S,control,f,5.0,0.0,-1.0,-1.0,0.0,0.0,1.0,0.0,0.0,0.0,12.778,-0.5999999999999943
482,AD,14,F,control,f,12.0,0.0,1.0,0.0,0.0,0.0,1.0,0.0,0.0,0.0,0.915,0.9150000000000063
483,AD,16,S,control,f,2.0,-2.0,4.0,3.0,-4.0,-1.0,0.0,0.0,0.0,0.0,6.096999999999998,147.60500000000002
484,D,18,S,treatment,f,3.0,0.0,6.0,0.0,0.0,0.0,1.0,0.0,0.0,0.0,6.697999999999999,6.697999999999979
485,D,20,S,treatment,f,-10.0,-2.0,1.0,-1.0,-5.0,0.0,1.0,0.0,0.0,0.0,16.687,90.97400000000002
486,D,22,F,treatment,f,-43.0,5.0,0.0,1.0,2.0,0.0,0.0,0.0,0.0,0.0,73.42399999999999,-53.65899999999999
487,D,24,F,treatment,f,-8.0,0.0,-1.0,-1.0,0.0,0.0,0.0,0.0,0.0,0.0,-17.114,-17.11399999999999
488,AD,26,F,control,f,10.0,0.0,4.0,-2.0,0.0,0.0,0.0,0.0,0.0,0.0,13.796999999999999,5.986000000000004
489,AD,28,S,control,f,18.0,0.0,0.0,-2.0,0.0,-1.0,0.0,0.0,0.0,0.0,3.3120000000000003,-0.8929999999999865
490,AD,30,S,control,f,-6.0,0.0,0.0,1.0,-1.0,0.0,0.0,0.0,0.0,0.0,0.9170000000000016,35.57299999999998
491,D,32,F,treatment,f,-15.0,0.0,0.0,2.0,0.0,0.0,0.0,0.0,0.0,0.0,30.185,-2.7860000000000014
492,D,34,F,treatment,f,-3.0,1.0,0.0,2.0,5.0,0.0,-1.0,0.0,0.0,0.0,20.459999999999997,-61.196999999999996
493,D,36,F,treatment,f,-15.0,0.0,0.0,-1.0,0.0,0.0,1.0,0.0,0.0,0.0,29.336999999999996,-21.251000000000005
494,D,38,F,treatment,f,18.0,0.0,2.0,2.0,0.0,-3.0,2.0,0.0,0.0,0.0,0.5789999999999997,0.5789999999999935
495,AD,40,F,control,f,-6.0,0.0,-1.0,-1.0,1.0,2.0,0.0,0.0,0.0,0.0,4.133,-71.297
496,AD,42,S,control,f,18.0,-2.0,2.0,1.0,-1.0,0.0,1.0,0.0,0.0,0.0,-12.376,100.669
497,AD,44,F,control,f,7.0,0.0,0.0,1.0,0.0,0.0,0.0,0.0,0.0,0.0,28.499,2.887999999999991
498,AD,46,S,control,f,-15.0,0.0,3.0,4.0,0.0,0.0,0.0,0.0,0.0,0.0,17.923000000000002,17.923000000000016
499,D,48,F,treatment,f,-47.0,0.0,5.0,2.0,0.0,0.0,0.0,0.0,0.0,0.0,3.366,2.424999999999997
500,D,50,F,treatment,f,51.0,0.0,0.0,-4.0,0.0,1.0,0.0,0.0,0.0,0.0,-6.901000000000001,-1.8270000000000124
501,D,52,F,treatment,f,18.0,1.0,0.0,7.0,1.0,0.0,0.0,0.0,0.0,0.0,-138.93599999999998,-110.93900000000002
502,D,54,F,treatment,f,-2.0,0.0,0.0,5.0,-1.0,0.0,-1.0,0.0,0.0,0.0,6.691000000000001,77.95400000000001
503,AD,56,F,control,f,3.0,-4.0,8.0,0.0,-3.0,0.0,1.0,0.0,0.0,0.0,-1.6009999999999995,112.701
504,AD,58,S,control,f,1.0,0.0,5.0,0.0,-3.0,0.0,0.0,0.0,0.0,0.0,2.134,4.917000000000002
505,AD,60,F,control,f,7.0,0.0,0.0,1.0,0.0,0.0,0.0,0.0,0.0,0.0,2.489,-1.1680000000000206
506,AD,62,S,control,f,32.0,-4.0,-4.0,-4.0,-1.0,-2.0,2.0,0.0,0.0,0.0,-1.637,50.489999999999995
507,D,64,F,treatment,f,-6.0,-2.0,3.0,4.0,-1.0,2.0,1.0,0.0,0.0,2.0,10.05,17.516999999999996
508,D,66,F,treatment,f,6.0,0.0,1.0,3.0,0.0,0.0,0.0,0.0,0.0,0.0,7.011000000000001,-2.4399999999999977
509,AD,68,F,control,f,-18.0,0.0,2.0,0.0,1.0,5.0,0.0,0.0,0.0,0.0,29.549,-10.549999999999997
510,AD,70,S,control,f,0.0,0.0,0.0,0.0,0.0,0.0,0.0,0.0,0.0,0.0,-4.173000000000002,-4.173000000000002
511,D,72,S,treatment,f,12.0,1.0,0.0,2.0,0.0,0.0,0.0,0.0,0.0,0.0,-11.289,-101.118
512,D,74,S,treatment,f,-7.0,-13.0,0.0,1.0,-4.0,4.0,0.0,0.0,0.0,0.0,79.51599999999999,120.67
513,D,76,F,treatment,f,-5.0,0.0,1.0,-1.0,-2.0,-1.0,0.0,0.0,0.0,0.0,0.9310000000000009,109.436
514,D,78,F,treatment,f,2.0,0.0,1.0,-1.0,-1.0,1.0,0.0,0.0,0.0,0.0,14.639999999999999,45.95299999999999
515,AD,80,F,control,f,-8.0,-4.0,0.0,8.0,-2.0,0.0,0.0,0.0,0.0,0.0,-2.7190000000000003,-2.552000000000003
516,AD,2,F,control,m,15.0,0.0,-2.0,0.0,0.0,0.0,0.0,0.0,0.0,0.0,-0.336,-0.3359999999999985
517,AD,4,S,control,m,-6.0,1.0,6.0,-2.0,2.0,0.0,0.0,0.0,0.0,0.0,-37.068000000000005,-41.86800000000001
518,D,6,S,treatment,m,4.0,0.0,-2.0,4.0,-5.0,-1.0,0.0,0.0,0.0,0.0,-46.501999999999995,93.05499999999998
519,D,8,S,treatment,m,-11.0,0.0,-4.0,5.0,-1.0,-1.0,0.0,0.0,0.0,0.0,-50.714999999999996,-10.491999999999997
520,AD,10,F,control,m,13.0,-11.0,0.0,-6.0,-5.0,0.0,0.0,0.0,0.0,0.0,3.3289999999999997,19.135
521,AD,12,S,control,m,4.0,0.0,-3.0,-2.0,1.0,0.0,0.0,0.0,0.0,0.0,-4.611000000000001,-45.991
522,AD,14,F,control,m,-11.0,0.0,0.0,1.0,0.0,0.0,0.0,0.0,0.0,0.0,1.915,0.9150000000000063
523,AD,16,S,control,m,1.0,0.0,1.0,0.0,-5.0,-1.0,0.0,0.0,2.0,1.0,55.459,112.99100000000001
524,D,18,S,treatment,m,-4.0,-17.0,0.0,-5.0,-1.0,1.0,0.0,0.0,0.0,0.0,24.056,126.43299999999999
525,D,20,S,treatment,m,-4.0,-3.0,0.0,-1.0,-5.0,0.0,0.0,0.0,0.0,0.0,7.151999999999999,115.55700000000002
526,D,22,F,treatment,m,-41.0,0.0,-2.0,2.0,2.0,0.0,0.0,0.0,0.0,0.0,29.328,-21.001000000000005
527,D,24,F,treatment,m,-11.0,0.0,0.0,1.0,-4.0,0.0,0.0,0.0,0.0,0.0,-15.186999999999998,86.595
528,AD,26,F,control,m,11.0,-3.0,0.0,-1.0,-5.0,0.0,0.0,0.0,0.0,2.0,5.986000000000001,117.891
529,AD,28,S,control,m,-6.0,0.0,1.0,-2.0,1.0,0.0,-1.0,0.0,0.0,0.0,-0.893,3.0090000000000003
530,AD,30,S,control,m,-13.0,0.0,0.0,4.0,0.0,0.0,0.0,0.0,0.0,0.0,1.655,1.654999999999987
531,D,32,F,treatment,m,0.0,0.0,1.0,-4.0,0.0,0.0,1.0,0.0,0.0,0.0,-10.671,-2.7860000000000014
532,D,34,F,treatment,m,17.0,-4.0,0.0,-1.0,-1.0,0.0,2.0,0.0,0.0,0.0,5.765,55.226
533,D,36,F,treatment,m,-14.0,0.0,1.0,-1.0,0.0,0.0,-2.0,0.0,0.0,1.0,-21.250999999999998,-21.251000000000005
534,D,38,F,treatment,m,-2.0,0.0,0.0,3.0,-2.0,0.0,3.0,0.0,0.0,0.0,42.511,37.91
535,AD,40,F,control,m,1.0,1.0,2.0,0.0,0.0,0.0,1.0,0.0,0.0,0.0,-13.075,-70.184
536,AD,42,S,control,m,27.0,-4.0,0.0,4.0,-1.0,0.0,0.0,0.0,0.0,0.0,-0.5760000000000001,78.52199999999999
537,AD,44,F,control,m,-20.0,0.0,1.0,2.0,0.0,0.0,0.0,0.0,0.0,0.0,2.888,2.887999999999991
538,AD,46,S,control,m,-30.0,0.0,2.0,2.0,0.0,-1.0,0.0,0.0,0.0,1.0,27.061,17.923000000000016
539,D,48,F,treatment,m,-21.0,0.0,1.0,-1.0,0.0,0.0,0.0,0.0,0.0,0.0,2.4250000000000003,2.424999999999997
540,D,50,F,treatment,m,0.0,0.0,4.0,0.0,0.0,0.0,0.0,0.0,0.0,0.0,7.635000000000001,-1.8270000000000124
541,D,52,F,treatment,m,30.0,1.0,3.0,0.0,-2.0,1.0,0.0,0.0,0.0,0.0,-26.087000000000003,3.225999999999992
542,D,54,F,treatment,m,5.0,0.0,0.0,3.0,-2.0,0.0,0.0,0.0,0.0,0.0,7.759,39.345
543,AD,56,F,control,m,17.0,-17.0,1.0,6.0,-3.0,0.0,0.0,0.0,0.0,0.0,-2.688,105.93299999999999
544,AD,58,S,control,m,-7.0,0.0,-4.0,-4.0,0.0,0.0,0.0,0.0,0.0,0.0,0.622,0.6220000000000141
545,AD,60,F,control,m,23.0,1.0,0.0,-1.0,-3.0,-1.0,0.0,0.0,0.0,0.0,-3.277,91.22800000000001
546,AD,62,S,control,m,33.0,-1.0,0.0,-3.0,0.0,-1.0,0.0,0.0,0.0,0.0,-6.879,22.578999999999994
547,D,64,F,treatment,m,25.0,-5.0,1.0,-1.0,-3.0,2.0,0.0,0.0,1.0,0.0,-0.5220000000000002,29.168999999999997
548,D,66,F,treatment,m,29.0,-1.0,1.0,-3.0,0.0,0.0,0.0,0.0,0.0,0.0,-2.44,61.538999999999994
549,AD,68,F,control,m,-8.0,0.0,5.0,-1.0,1.0,2.0,0.0,0.0,0.0,0.0,43.867000000000004,47.11400000000001
550,AD,70,S,control,m,-51.0,0.0,1.0,3.0,0.0,2.0,0.0,0.0,0.0,0.0,-4.172999999999999,-4.173000000000002
551,D,72,S,treatment,m,-17.0,0.0,0.0,-4.0,0.0,0.0,0.0,0.0,0.0,0.0,104.812,-11.288999999999987
552,D,74,S,treatment,m,5.0,2.0,4.0,4.0,0.0,0.0,0.0,0.0,0.0,0.0,-13.045000000000002,-5.905000000000001
553,D,76,F,treatment,m,-22.0,0.0,-1.0,-1.0,0.0,0.0,0.0,0.0,0.0,0.0,24.525,6.5800000000000125
554,D,78,F,treatment,m,4.0,-1.0,1.0,3.0,0.0,1.0,0.0,0.0,0.0,0.0,-3.72,2.7620000000000005
555,AD,80,F,control,m,9.0,-3.0,0.0,2.0,-7.0,0.0,1.0,0.0,0.0,0.0,1.22,36.72
556,AD,1,S,control,nf,7.0,0.0,1.0,0.0,0.0,0.0,0.0,0.0,0.0,0.0,-85.249,-0.3359999999999985
557,AD,3,F,control,nf,1.0,3.0,0.0,0.0,1.0,0.0,0.0,0.0,0.0,0.0,-30.333,-110.262
558,D,5,F,treatment,nf,0.0,2.0,1.0,0.0,-1.0,0.0,0.0,0.0,0.0,0.0,4.082000000000008,-4.297999999999995
559,D,7,F,treatment,nf,0.0,0.0,0.0,0.0,1.0,0.0,0.0,0.0,0.0,0.0,-34.682,-87.747
560,AD,9,S,control,nf,0.0,0.0,0.0,0.0,1.0,0.0,0.0,0.0,0.0,0.0,-0.8059999999999974,-84.305
561,AD,11,F,control,nf,0.0,0.0,-1.0,-1.0,0.0,0.0,0.0,0.0,0.0,0.0,60.012,-0.5999999999999943
562,AD,13,S,control,nf,0.0,0.0,0.0,0.0,0.0,0.0,0.0,0.0,0.0,0.0,0.9150000000000063,0.9150000000000063
563,AD,15,F,control,nf,0.0,-1.0,-2.0,0.0,0.0,0.0,0.0,0.0,0.0,0.0,27.908000000000015,73.936
564,D,17,F,treatment,nf,0.0,0.0,-1.0,0.0,-1.0,0.0,0.0,0.0,0.0,0.0,7.027999999999992,44.42099999999999
565,D,19,F,treatment,nf,0.0,-2.0,0.0,0.0,0.0,0.0,0.0,0.0,0.0,0.0,14.780000000000015,116.32700000000001
566,D,21,S,treatment,nf,0.0,10.0,0.0,0.0,0.0,0.0,0.0,0.0,0.0,0.0,-4.293999999999983,-117.29899999999998
567,D,23,S,treatment,nf,0.0,0.0,-2.0,0.0,0.0,0.0,0.0,0.0,0.0,0.0,0.1629999999999967,0.1629999999999825
568,AD,25,S,control,nf,0.0,-3.0,0.0,0.0,0.0,0.0,0.0,0.0,0.0,0.0,5.986000000000004,102.316
569,AD,27,F,control,nf,0.0,0.0,2.0,0.0,0.0,0.0,0.0,0.0,0.0,0.0,-0.8930000000000007,-0.8929999999999865
570,AD,29,F,control,nf,0.0,0.0,0.0,0.0,0.0,0.0,0.0,0.0,0.0,0.0,1.6550000000000011,1.654999999999987
571,D,31,S,treatment,nf,0.0,0.0,0.0,0.0,0.0,0.0,0.0,0.0,0.0,0.0,0.31799999999999784,0.31799999999999784
572,D,33,S,treatment,nf,0.0,1.0,0.0,0.0,0.0,0.0,0.0,0.0,0.0,0.0,2.6610000000000014,-53.94399999999999
573,D,35,S,treatment,nf,0.0,0.0,0.0,0.0,0.0,0.0,0.0,0.0,0.0,0.0,13.984000000000009,13.983999999999995
574,D,37,S,treatment,nf,0.0,0.0,0.0,0.0,0.0,0.0,0.0,0.0,0.0,0.0,-34.656000000000006,-34.656000000000006
575,AD,39,S,control,nf,0.0,1.0,0.0,0.0,0.0,0.0,0.0,0.0,0.0,0.0,-0.18999999999999773,-70.90699999999998
576,AD,41,F,control,nf,0.0,-6.0,0.0,0.0,0.0,0.0,0.0,0.0,0.0,0.0,-0.7920000000000016,99.20899999999999
577,AD,43,S,control,nf,0.0,0.0,0.0,0.0,0.0,0.0,0.0,0.0,0.0,0.0,2.8880000000000052,2.887999999999991
578,AD,45,F,control,nf,0.0,0.0,7.0,0.0,0.0,0.0,0.0,0.0,0.0,0.0,17.923000000000016,17.923000000000016
579,D,47,S,treatment,nf,-1.0,0.0,-1.0,0.0,0.0,0.0,0.0,0.0,0.0,0.0,79.49600000000001,-0.11400000000000432
580,D,49,S,treatment,nf,0.0,0.0,0.0,0.0,0.0,0.0,0.0,0.0,0.0,0.0,0.7120000000000033,0.7119999999999891
581,D,51,S,treatment,nf,-1.0,0.0,0.0,0.0,0.0,0.0,0.0,0.0,0.0,0.0,90.94800000000001,11.625
582,D,53,S,treatment,nf,0.0,0.0,0.0,0.0,0.0,0.0,0.0,0.0,0.0,0.0,-29.95299999999999,-29.953000000000017
583,AD,55,S,control,nf,1.0,-2.0,0.0,4.0,0.0,0.0,0.0,0.0,0.0,0.0,-119.417,96.803
584,AD,57,F,control,nf,0.0,0.0,0.0,0.0,0.0,0.0,0.0,0.0,0.0,0.0,0.6219999999999999,0.6220000000000141
585,AD,59,S,control,nf,0.0,0.0,0.0,0.0,-1.0,0.0,0.0,0.0,0.0,0.0,-1.1680000000000064,94.34099999999998
586,AD,61,F,control,nf,0.0,0.0,0.0,0.0,1.0,0.0,0.0,0.0,0.0,0.0,-1.6370000000000005,-2.780000000000001
587,D,63,S,treatment,nf,0.0,0.0,0.0,0.0,0.0,0.0,0.0,0.0,0.0,0.0,7.819999999999993,7.820000000000007
588,D,65,S,treatment,nf,0.0,-2.0,-1.0,0.0,-5.0,0.0,0.0,0.0,0.0,0.0,-0.21000000000000796,54.47699999999999
589,AD,67,S,control,nf,1.0,4.0,-1.0,0.0,-2.0,0.0,0.0,0.0,0.0,0.0,26.849999999999998,-31.43
590,AD,69,F,control,nf,0.0,0.0,0.0,0.0,0.0,0.0,0.0,0.0,0.0,0.0,-4.173000000000002,-4.173000000000002
591,D,71,F,treatment,nf,0.0,-6.0,0.0,0.0,-4.0,0.0,0.0,0.0,0.0,0.0,-1.737000000000009,108.871
592,D,73,F,treatment,nf,1.0,0.0,0.0,1.0,1.0,0.0,0.0,0.0,0.0,0.0,-128.882,-14.491999999999976
593,D,75,S,treatment,nf,0.0,-1.0,0.0,0.0,0.0,0.0,0.0,0.0,0.0,0.0,6.305000000000007,10.891000000000005
594,D,77,S,treatment,nf,0.0,0.0,0.0,1.0,0.0,0.0,0.0,0.0,0.0,0.0,-98.216,-3.444999999999993
595,AD,79,S,control,nf,-1.0,-3.0,1.0,0.0,-4.0,0.0,0.0,0.0,0.0,0.0,36.833999999999996,95.206
596,AD,1,S,control,nm,0.0,0.0,0.0,1.0,0.0,0.0,0.0,0.0,0.0,0.0,-110.812,-0.3359999999999985
597,AD,3,F,control,nm,0.0,0.0,0.0,-2.0,0.0,1.0,0.0,0.0,0.0,0.0,105.667,1.7970000000000113
598,D,5,F,treatment,nm,0.0,0.0,0.0,0.0,-1.0,0.0,0.0,0.0,0.0,0.0,4.082000000000008,96.85999999999999
599,D,7,F,treatment,nm,0.0,-2.0,0.0,-3.0,-3.0,0.0,0.0,0.0,0.0,0.0,10.878,76.815
600,AD,9,S,control,nm,0.0,0.0,0.0,0.0,1.0,0.0,0.0,0.0,0.0,0.0,-0.8059999999999974,-83.201
601,AD,11,F,control,nm,-2.0,0.0,0.0,0.0,0.0,0.0,0.0,0.0,0.0,0.0,119.4,-0.5999999999999943
602,AD,13,S,control,nm,0.0,0.0,0.0,0.0,0.0,0.0,0.0,0.0,0.0,0.0,0.9150000000000063,0.9150000000000063
603,AD,15,F,control,nm,0.0,0.0,0.0,0.0,0.0,0.0,0.0,0.0,0.0,0.0,27.908000000000015,27.908000000000015
604,D,17,F,treatment,nm,0.0,-1.0,0.0,0.0,-1.0,0.0,0.0,0.0,0.0,0.0,7.027999999999992,45.217
605,D,19,F,treatment,nm,0.0,-6.0,0.0,0.0,-2.0,0.0,0.0,0.0,0.0,0.0,14.780000000000015,122.75800000000001
606,D,21,S,treatment,nm,0.0,10.0,0.0,0.0,2.0,0.0,0.0,0.0,0.0,0.0,-4.293999999999983,-124.29399999999998
607,D,23,S,treatment,nm,1.0,0.0,0.0,0.0,0.0,0.0,0.0,0.0,0.0,0.0,-88.4,0.1629999999999825
608,AD,25,S,control,nm,0.0,-5.0,0.0,0.0,-1.0,0.0,0.0,0.0,0.0,0.0,5.986000000000004,102.316
609,AD,27,F,control,nm,0.0,0.0,0.0,1.0,0.0,0.0,0.0,0.0,0.0,0.0,-106.452,-0.8929999999999865
610,AD,29,F,control,nm,0.0,0.0,0.0,0.0,0.0,0.0,0.0,0.0,0.0,0.0,1.6550000000000011,1.654999999999987
611,D,31,S,treatment,nm,0.0,-3.0,0.0,0.0,0.0,0.0,0.0,0.0,0.0,0.0,0.31799999999999784,30.016999999999996
612,D,33,S,treatment,nm,1.0,0.0,0.0,1.0,1.0,0.0,0.0,0.0,0.0,0.0,-111.985,-53.94399999999999
613,D,35,S,treatment,nm,0.0,0.0,0.0,0.0,0.0,0.0,0.0,0.0,0.0,0.0,13.984000000000009,13.983999999999995
614,D,37,S,treatment,nm,0.0,0.0,0.0,0.0,0.0,0.0,0.0,0.0,0.0,0.0,-34.656000000000006,-34.656000000000006
615,AD,39,S,control,nm,0.0,0.0,0.0,0.0,0.0,0.0,0.0,0.0,0.0,0.0,-0.18999999999999773,-0.18999999999999773
616,AD,41,F,control,nm,-1.0,-3.0,0.0,0.0,0.0,0.0,0.0,0.0,0.0,0.0,98.63,85.356
617,AD,43,S,control,nm,0.0,0.0,0.0,0.0,0.0,0.0,0.0,0.0,0.0,0.0,2.8880000000000052,2.887999999999991
618,AD,45,F,control,nm,0.0,0.0,1.0,0.0,0.0,1.0,0.0,0.0,0.0,1.0,17.923000000000016,17.923000000000016
619,D,47,S,treatment,nm,0.0,0.0,0.0,0.0,0.0,0.0,0.0,0.0,0.0,0.0,-0.11399999999999011,-0.11400000000000432
620,D,49,S,treatment,nm,0.0,0.0,0.0,0.0,0.0,0.0,0.0,0.0,0.0,0.0,0.7120000000000033,0.7119999999999891
621,D,51,S,treatment,nm,0.0,-1.0,0.0,0.0,0.0,-1.0,0.0,0.0,0.0,0.0,11.625,110.288
622,D,53,S,treatment,nm,0.0,0.0,0.0,0.0,0.0,0.0,0.0,0.0,0.0,0.0,-29.95299999999999,-29.953000000000017
623,AD,55,S,control,nm,0.0,-3.0,0.0,0.0,-2.0,0.0,0.0,0.0,0.0,0.0,-2.6880000000000024,36.705999999999996
624,AD,57,F,control,nm,0.0,0.0,0.0,0.0,-1.0,0.0,0.0,0.0,0.0,0.0,0.6219999999999999,50.24600000000001
625,AD,59,S,control,nm,-1.0,-1.0,0.0,0.0,0.0,0.0,0.0,0.0,0.0,0.0,97.147,79.81799999999998
626,AD,61,F,control,nm,0.0,0.0,1.0,0.0,0.0,0.0,0.0,0.0,0.0,0.0,-1.6370000000000005,-1.6370000000000005
627,D,63,S,treatment,nm,0.0,-2.0,0.0,0.0,0.0,0.0,0.0,0.0,0.0,0.0,7.819999999999993,92.658
628,D,65,S,treatment,nm,0.0,-5.0,1.0,0.0,-3.0,0.0,0.0,0.0,0.0,0.0,-0.21000000000000796,67.511
629,AD,67,S,control,nm,2.0,7.0,0.0,0.0,-2.0,0.0,0.0,0.0,0.0,0.0,-119.056,-73.17099999999999
630,AD,69,F,control,nm,0.0,0.0,0.0,0.0,0.0,0.0,0.0,0.0,0.0,0.0,-4.173000000000002,-4.173000000000002
631,D,71,F,treatment,nm,0.0,-3.0,0.0,0.0,-3.0,0.0,0.0,0.0,0.0,0.0,-1.737000000000009,89.047
632,D,73,F,treatment,nm,0.0,0.0,1.0,0.0,-1.0,0.0,0.0,0.0,0.0,0.0,-8.882000000000005,77.97400000000002
633,D,75,S,treatment,nm,0.0,0.0,0.0,-1.0,0.0,0.0,0.0,0.0,0.0,0.0,126.305,6.305000000000007
634,D,77,S,treatment,nm,0.0,0.0,0.0,-1.0,0.0,0.0,0.0,0.0,0.0,0.0,67.179,-3.444999999999993
635,AD,79,S,control,nm,-3.0,-5.0,0.0,-1.0,-1.0,0.0,0.0,0.0,0.0,0.0,108.087,88.74000000000001
